id;timestamp;genes;clean_acc;blackbox_acc
17;2025-11-25T18:26:37.003589;[2. 1. 2. 0. 0. 2. 1. 0. 0. 0. 0. 0. 0. 0. 0. 0.];89,68253968;69,99007937
32;2025-11-25T19:35:12.650737;[0. 2. 1. 0. 0. 1. 0. 0. 0. 0. 0. 0. 2. 0. 0. 0.];89,58333333;67,26190476
33;2025-11-25T19:37:01.600882;[0. 2. 1. 0. 0. 1. 0. 0. 0. 0. 0. 0. 2. 0. 0. 0.];89,58333333;67,60912698
35;2025-11-25T19:42:52.235824;[0. 2. 1. 0. 0. 1. 0. 0. 0. 0. 0. 0. 2. 0. 0. 0.];89,58333333;66,91468254
37;2025-11-25T19:44:43.553282;[0. 2. 1. 0. 0. 1. 0. 0. 0. 0. 0. 0. 2. 0. 0. 0.];89,58333333;65,57539683
40;2025-11-25T19:54:34.376668;[0. 2. 1. 0. 0. 1. 0. 0. 0. 0. 0. 0. 2. 0. 0. 0.];89,58333333;66,12103175
25;2025-11-25T18:37:19.692936;[0. 1. 2. 0. 0. 2. 1. 0. 0. 0. 0. 0. 0. 0. 0. 0.];89,28571429;68,84920635
29;2025-11-25T18:47:05.654283;[0. 1. 0. 0. 0. 2. 1. 0. 0. 0. 0. 0. 0. 0. 0. 0.];89,28571429;69,29563492
34;2025-11-25T18:56:53.802954;[0. 1. 2. 0. 0. 2. 1. 0. 0. 0. 0. 0. 0. 0. 0. 0.];89,28571429;69,74206349
24;2025-11-25T19:11:22.354449;[0. 2. 2. 0. 0. 2. 0. 0. 0. 0. 0. 0. 2. 0. 0. 0.];89,28571429;67,75793651
26;2025-11-25T19:12:31.545921;[0. 2. 2. 0. 0. 2. 0. 0. 0. 0. 0. 0. 2. 0. 0. 0.];89,28571429;67,06349206
29;2025-11-25T19:14:28.656975;[0. 2. 1. 0. 0. 2. 1. 0. 0. 0. 0. 0. 0. 0. 0. 0.];89,28571429;67,55952381
31;2025-11-25T19:16:17.830982;[0. 2. 1. 0. 0. 2. 1. 0. 0. 0. 0. 0. 0. 0. 0. 0.];89,28571429;69,09722222
32;2025-11-25T19:17:23.270452;[0. 2. 2. 0. 0. 2. 0. 0. 0. 0. 0. 0. 2. 0. 0. 0.];89,28571429;65,32738095
34;2025-11-25T19:19:30.630062;[0. 2. 1. 0. 0. 2. 1. 0. 0. 0. 0. 0. 0. 0. 0. 0.];89,28571429;68,45238095
39;2025-11-25T19:20:35.162118;[0. 2. 2. 0. 0. 2. 0. 0. 0. 0. 0. 0. 2. 0. 0. 0.];89,28571429;65,4265873
27;2025-11-25T19:27:23.935646;[0. 2. 1. 0. 0. 2. 0. 0. 0. 0. 0. 0. 2. 0. 0. 0.];89,28571429;66,0218254
29;2025-11-25T19:31:41.018761;[0. 2. 1. 0. 0. 2. 0. 0. 0. 0. 0. 0. 2. 0. 0. 0.];89,28571429;68,20436508
31;2025-11-25T19:33:22.781864;[0. 2. 1. 0. 0. 2. 0. 0. 0. 0. 0. 0. 2. 0. 0. 0.];89,28571429;65,07936508
43;2025-11-25T19:56:16.742119;[0. 2. 1. 0. 0. 2. 0. 0. 0. 0. 0. 0. 2. 0. 0. 0.];89,28571429;64,88095238
18;2025-11-25T16:36:22.422900;[2. 1. 2. 0. 0. 2. 0. 0. 0. 0. 0. 0. 0. 0. 0. 0.];89,18650794;65,57539683
30;2025-11-25T17:12:08.265858;[2. 1. 2. 0. 0. 2. 0. 0. 0. 0. 0. 0. 0. 0. 0. 0.];89,18650794;64,43452381
43;2025-11-25T17:54:30.997322;[2. 1. 2. 0. 0. 2. 0. 0. 0. 0. 0. 0. 0. 0. 0. 0.];89,18650794;66,96428571
37;2025-11-25T19:00:03.281782;[0. 2. 2. 0. 0. 0. 1. 0. 0. 0. 0. 0. 0. 0. 0. 0.];89,18650794;65,8234127
23;2025-11-25T18:35:18.561480;[0. 1. 2. 0. 0. 2. 0. 0. 0. 0. 0. 0. 0. 0. 0. 0.];88,98809524;66,46825397
28;2025-11-25T18:45:20.541391;[1. 2. 2. 0. 0. 0. 1. 0. 0. 0. 0. 0. 0. 0. 0. 0.];88,98809524;61,95436508
30;2025-11-25T18:48:58.186987;[0. 1. 2. 0. 0. 2. 0. 0. 0. 0. 0. 0. 0. 0. 0. 0.];88,98809524;64,73214286
31;2025-11-25T18:51:12.926918;[1. 2. 2. 0. 0. 0. 1. 0. 0. 0. 0. 0. 0. 0. 0. 0.];88,98809524;61,85515873
32;2025-11-25T18:53:29.006807;[1. 2. 2. 0. 0. 0. 1. 0. 0. 0. 0. 0. 0. 0. 0. 0.];88,98809524;60,86309524
36;2025-11-25T18:58:45.637902;[0. 1. 2. 0. 0. 2. 0. 0. 0. 0. 0. 0. 0. 0. 0. 0.];88,98809524;66,31944444
39;2025-11-25T19:00:58.176646;[0. 2. 0. 0. 0. 2. 0. 0. 0. 0. 0. 0. 0. 0. 0. 0.];88,98809524;66,86507937
42;2025-11-25T19:06:14.188921;[0. 2. 0. 0. 0. 2. 0. 0. 0. 0. 0. 0. 0. 0. 0. 0.];88,98809524;66,2202381
43;2025-11-25T19:08:06.834317;[0. 2. 1. 0. 0. 2. 0. 0. 0. 0. 0. 0. 0. 0. 0. 0.];88,98809524;67,65873016
5;2025-11-25T15:55:40.169031;[1. 2. 2. 0. 1. 0. 0. 0. 0. 0. 0. 0. 0. 0. 0. 0.];88,88888889;66,66666667
9;2025-11-25T16:09:53.217293;[1. 1. 2. 0. 0. 2. 0. 0. 0. 0. 0. 0. 0. 0. 0. 0.];88,88888889;62,3015873
12;2025-11-25T16:16:37.953025;[1. 2. 2. 0. 1. 0. 0. 0. 0. 0. 0. 0. 0. 0. 0. 0.];88,88888889;67,11309524
45;2025-11-25T18:01:25.511374;[1. 2. 2. 0. 1. 0. 0. 0. 0. 0. 0. 0. 0. 0. 0. 0.];88,88888889;67,90674603
49;2025-11-25T18:14:32.791164;[2. 2. 2. 0. 1. 2. 0. 0. 0. 2. 0. 0. 0. 0. 0. 0.];88,88888889;72,37103175
26;2025-11-25T18:40:13.624529;[1. 2. 1. 0. 0. 2. 0. 0. 0. 0. 0. 0. 0. 0. 0. 0.];88,88888889;63,19444444
27;2025-11-25T18:43:06.025234;[1. 2. 1. 0. 0. 2. 0. 0. 0. 0. 0. 0. 0. 0. 0. 0.];88,88888889;64,18650794
13;2025-11-25T18:18:19.456890;[1. 2. 2. 0. 1. 2. 0. 0. 0. 0. 0. 0. 0. 0. 0. 0.];88,78968254;68,75
14;2025-11-25T18:20:34.234012;[1. 2. 2. 0. 1. 2. 0. 0. 0. 0. 0. 0. 0. 0. 0. 0.];88,78968254;69,04761905
15;2025-11-25T18:22:49.236806;[1. 2. 2. 0. 1. 2. 0. 0. 0. 0. 0. 0. 0. 0. 0. 0.];88,78968254;69,89087302
22;2025-11-25T19:23:09.349371;[1. 2. 1. 0. 1. 2. 0. 0. 0. 0. 0. 0. 0. 0. 0. 0.];88,78968254;69,89087302
26;2025-11-25T19:25:44.413756;[1. 2. 1. 0. 1. 2. 0. 0. 0. 0. 0. 0. 0. 0. 0. 0.];88,78968254;68,3531746
28;2025-11-25T19:29:59.870713;[1. 2. 1. 0. 1. 2. 0. 0. 0. 0. 0. 0. 0. 0. 0. 0.];88,78968254;70,88293651
48;2025-11-25T19:59:39.246448;[1. 2. 1. 0. 1. 2. 0. 0. 0. 0. 0. 0. 0. 0. 0. 0.];88,78968254;69,99007937
47;2025-11-25T19:10:13.534317;[1. 2. 2. 0. 0. 0. 0. 0. 0. 0. 0. 0. 0. 0. 0. 0.];88,69047619;58,33333333
27;2025-11-25T17:04:01.074911;[2. 2. 2. 0. 1. 0. 0. 0. 0. 0. 0. 1. 0. 0. 0. 0.];88,59126984;69,89087302
37;2025-11-25T17:35:58.775029;[2. 2. 2. 0. 1. 0. 0. 0. 0. 0. 0. 1. 0. 0. 0. 0.];88,59126984;72,17261905
41;2025-11-25T19:05:21.387582;[1. 2. 2. 1. 0. 0. 1. 0. 0. 0. 0. 0. 0. 0. 0. 0.];88,59126984;68,75
11;2025-11-25T16:14:23.432749;[2. 1. 2. 0. 1. 0. 0. 0. 0. 0. 0. 0. 0. 0. 0. 0.];88,49206349;70,03968254
17;2025-11-25T16:34:15.314349;[2. 2. 2. 0. 1. 2. 0. 0. 0. 0. 0. 0. 2. 0. 0. 0.];88,49206349;73,21428571
22;2025-11-25T16:49:07.407024;[2. 2. 2. 0. 1. 2. 0. 0. 0. 0. 0. 0. 2. 0. 0. 0.];88,49206349;72,2718254
28;2025-11-25T17:05:32.827217;[2. 2. 2. 0. 1. 2. 0. 0. 0. 0. 0. 0. 2. 0. 0. 0.];88,49206349;72,71825397
12;2025-11-25T18:16:03.133298;[2. 2. 2. 0. 1. 0. 0. 0. 0. 0. 0. 0. 0. 0. 0. 0.];88,49206349;69,1468254
16;2025-11-25T18:24:21.809270;[2. 2. 2. 0. 1. 0. 0. 0. 0. 0. 0. 0. 0. 0. 0. 0.];88,49206349;69,3452381
7;2025-11-25T16:02:26.848442;[2. 1. 2. 0. 1. 2. 0. 0. 0. 0. 0. 0. 0. 0. 0. 0.];88,39285714;73,61111111
10;2025-11-25T16:12:09.460823;[2. 1. 2. 0. 1. 2. 0. 0. 0. 0. 0. 0. 0. 0. 0. 0.];88,39285714;71,52777778
15;2025-11-25T16:28:04.757465;[2. 2. 2. 0. 1. 2. 0. 0. 0. 0. 0. 0. 0. 0. 0. 0.];88,39285714;73,46230159
21;2025-11-25T16:47:35.882416;[2. 1. 2. 0. 1. 2. 0. 0. 0. 0. 0. 0. 0. 0. 0. 0.];88,39285714;73,95833333
24;2025-11-25T16:55:51.356619;[2. 1. 2. 0. 1. 2. 0. 0. 0. 0. 0. 0. 0. 0. 0. 0.];88,39285714;72,86706349
26;2025-11-25T17:02:29.278812;[2. 1. 2. 0. 1. 2. 0. 0. 0. 0. 0. 0. 0. 0. 0. 0.];88,39285714;71,52777778
32;2025-11-25T17:18:39.571099;[2. 2. 2. 0. 1. 2. 0. 0. 0. 0. 0. 0. 0. 0. 0. 0.];88,39285714;75,04960317
33;2025-11-25T17:20:10.394034;[2. 2. 2. 0. 1. 2. 0. 0. 0. 0. 0. 0. 0. 0. 0. 0.];88,39285714;72,81746032
39;2025-11-25T17:41:59.571118;[2. 2. 2. 0. 1. 2. 0. 0. 0. 0. 0. 0. 0. 0. 0. 0.];88,39285714;75,1984127
42;2025-11-25T17:52:23.575832;[2. 2. 2. 0. 1. 2. 0. 0. 0. 0. 0. 0. 0. 0. 0. 0.];88,39285714;72,22222222
46;2025-11-25T18:03:40.659616;[2. 1. 2. 0. 1. 2. 0. 0. 0. 0. 0. 0. 0. 0. 0. 0.];88,39285714;71,2797619
31;2025-11-25T17:17:07.103678;[1. 1. 2. 1. 0. 2. 0. 0. 0. 0. 0. 0. 0. 0. 0. 0.];88,19444444;71,37896825
19;2025-11-25T18:28:54.385654;[2. 1. 2. 0. 1. 2. 0. 0. 0. 0. 0. 1. 0. 0. 0. 0.];88,19444444;73,31349206
20;2025-11-25T18:31:10.859104;[2. 1. 2. 0. 1. 2. 0. 0. 0. 0. 0. 1. 0. 0. 0. 0.];88,19444444;74,00793651
21;2025-11-25T18:33:25.640967;[2. 1. 2. 0. 1. 2. 0. 0. 0. 0. 0. 1. 0. 0. 0. 0.];88,19444444;74,35515873
33;2025-11-25T18:54:48.749803;[0. 2. 0. 0. 1. 2. 0. 0. 0. 0. 0. 0. 0. 0. 0. 0.];88,19444444;72,86706349
0;2025-11-25T15:34:19.362295;[1. 1. 2. 0. 1. 1. 0. 0. 0. 0. 0. 0. 1. 0. 1. 0.];87,6984127;69,99007937
47;2025-11-25T15:25:07.323790;[0. 0. 0. 0. 0. 2. 2. 0. 2. 0. 0. 0. 2. 0. 1. 0.];87,40079365;61,35912698
21;2025-11-25T13:57:59.223465;[0. 2. 2. 0. 1. 2. 0. 0. 2. 0. 0. 0. 2. 0. 2. 0.];87,1031746;64,03769841
48;2025-11-25T12:21:03.181077;[2. 0. 1. 0. 1. 0. 1. 0. 0. 0. 0. 1. 1. 0. 0. 2.];86,30952381;68,79960317
25;2025-11-25T17:00:14.556126;[2. 1. 2. 1. 1. 2. 0. 0. 0. 0. 0. 0. 0. 0. 0. 0.];86,30952381;75,5952381
34;2025-11-25T17:24:33.431871;[2. 1. 2. 1. 1. 2. 0. 0. 0. 0. 0. 0. 0. 0. 0. 0.];86,30952381;73,95833333
40;2025-11-25T17:46:22.401278;[2. 1. 2. 1. 1. 2. 0. 0. 0. 0. 0. 0. 0. 0. 0. 0.];86,30952381;73,11507937
46;2025-11-25T12:15:21.917283;[2. 1. 0. 0. 1. 0. 0. 0. 2. 1. 0. 0. 0. 0. 1. 2.];84,92063492;55,00992063
41;2025-11-24T15:00:23.157727;[2. 0. 2. 1. 1. 1. 0. 0. 2. 0. 1. 2. 0. 0. 0. 0.];84,92063492;63,39285714
11;2025-11-21T12:22:53.409779;[1. 1. 1. 1. 1. 0. 1. 0. 2. 0. 0. 1. 2. 0. 0. 0.];84,82142857;66,66666667
42;2025-11-24T15:06:07.159500;[0. 1. 0. 1. 0. 1. 2. 1. 2. 0. 2. 1. 2. 1. 1. 1.];84,52380952;52,77777778
13;2025-11-24T12:44:54.088650;[0. 2. 0. 0. 1. 2. 2. 1. 2. 1. 0. 0. 2. 1. 1. 2.];84,42460317;59,72222222
39;2025-11-24T19:24:17.194407;[2. 1. 2. 2. 0. 2. 1. 0. 1. 1. 0. 0. 0. 0. 1. 0.];84,12698413;63,69047619
29;2025-11-25T17:10:02.048381;[2. 1. 2. 1. 1. 2. 0. 2. 0. 0. 0. 1. 0. 0. 0. 0.];83,92857143;74,90079365
36;2025-11-25T17:34:26.761996;[2. 1. 1. 1. 1. 2. 0. 2. 0. 0. 0. 1. 0. 0. 0. 0.];83,92857143;76,24007937
19;2025-11-25T16:40:50.606620;[2. 1. 2. 1. 1. 2. 0. 2. 0. 0. 0. 0. 0. 0. 1. 0.];83,82936508;74,20634921
41;2025-11-25T17:50:51.491960;[2. 1. 2. 1. 1. 2. 0. 2. 0. 0. 0. 0. 0. 0. 1. 0.];83,82936508;74,50396825
37;2025-11-25T11:47:12.587386;[2. 0. 2. 0. 0. 2. 1. 1. 0. 0. 0. 2. 2. 0. 1. 0.];83,73015873;52,67857143
29;2025-11-25T11:24:03.694470;[2. 0. 1. 2. 2. 2. 0. 2. 2. 0. 0. 0. 2. 0. 0. 0.];83,23412698;66,51785714
40;2025-11-25T11:55:41.912253;[1. 0. 0. 0. 2. 0. 0. 1. 0. 1. 1. 2. 2. 1. 1. 0.];83,23412698;52,62896825
29;2025-11-24T13:59:21.038250;[0. 1. 0. 0. 1. 0. 0. 1. 0. 2. 0. 1. 2. 2. 1. 1.];83,23412698;52,38095238
36;2025-11-24T19:07:59.506935;[1. 2. 2. 0. 1. 2. 1. 0. 0. 2. 2. 1. 0. 2. 2. 0.];83,03571429;64,53373016
33;2025-11-25T11:37:17.329576;[0. 2. 0. 0. 0. 1. 2. 0. 1. 1. 0. 1. 0. 2. 1. 0.];82,93650794;58,9781746
18;2025-11-24T13:08:24.855206;[0. 1. 2. 0. 2. 2. 0. 0. 1. 2. 0. 0. 2. 2. 2. 0.];82,83730159;60,11904762
16;2025-11-24T13:01:44.241860;[1. 0. 1. 1. 0. 1. 1. 1. 2. 0. 1. 1. 1. 1. 0. 2.];82,73809524;55,50595238
3;2025-11-25T10:06:28.226390;[0. 0. 2. 0. 1. 0. 1. 0. 2. 0. 1. 1. 0. 2. 2. 0.];82,63888889;58,82936508
13;2025-11-25T10:37:59.819814;[0. 1. 2. 0. 1. 0. 0. 1. 2. 0. 0. 1. 0. 0. 0. 1.];82,14285714;36,21031746
48;2025-11-25T18:12:58.993096;[2. 1. 2. 1. 1. 1. 0. 2. 0. 1. 0. 2. 0. 2. 0. 0.];82,04365079;73,01587302
27;2025-11-25T11:18:54.516185;[2. 2. 2. 1. 2. 2. 0. 1. 2. 2. 0. 0. 1. 1. 0. 0.];81,8452381;63,19444444
26;2025-11-24T13:46:07.629085;[0. 2. 0. 0. 2. 2. 2. 1. 0. 0. 2. 2. 2. 1. 0. 1.];81,6468254;63,98809524
48;2025-11-24T15:40:34.859253;[1. 1. 1. 1. 2. 0. 0. 0. 1. 1. 0. 0. 0. 2. 0. 0.];81,54761905;59,02777778
4;2025-11-25T15:53:26.082290;[2. 1. 2. 1. 1. 1. 0. 2. 0. 0. 0. 1. 0. 0. 1. 0.];81,4484127;73,95833333
8;2025-11-25T16:07:03.515428;[2. 1. 2. 1. 1. 1. 0. 2. 0. 0. 0. 1. 0. 0. 1. 0.];81,4484127;72,76785714
47;2025-11-25T18:08:18.694866;[2. 1. 2. 1. 1. 1. 0. 2. 0. 0. 0. 1. 0. 0. 1. 0.];81,4484127;73,66071429
8;2025-11-25T13:17:19.422909;[2. 1. 1. 0. 0. 2. 1. 0. 0. 2. 2. 0. 2. 2. 1. 1.];81,25;62,99603175
47;2025-11-25T12:18:48.223773;[1. 2. 1. 0. 0. 1. 2. 1. 2. 2. 2. 2. 0. 1. 1. 1.];81,15079365;35,91269841
1;2025-11-24T11:52:50.178934;[0. 2. 2. 1. 1. 2. 1. 0. 0. 1. 0. 1. 2. 2. 0. 0.];81,15079365;70,18849206
21;2025-11-25T11:01:30.808193;[0. 0. 0. 0. 0. 1. 1. 2. 0. 2. 0. 1. 0. 1. 1. 2.];80,55555556;45,88293651
45;2025-11-25T12:13:15.769961;[0. 2. 2. 1. 2. 0. 2. 1. 0. 2. 1. 1. 0. 2. 1. 1.];80,55555556;51,09126984
47;2025-11-21T14:12:33.400563;[1. 1. 0. 1. 1. 0. 0. 1. 0. 2. 1. 2. 0. 0. 0. 1.];80,45634921;37,05357143
19;2025-11-21T12:45:02.084934;[2. 1. 2. 1. 2. 0. 1. 2. 2. 2. 0. 2. 0. 2. 0. 0.];80,35714286;73,26388889
2;2025-11-25T12:59:27.463427;[1. 0. 1. 1. 0. 2. 2. 2. 0. 0. 0. 1. 2. 1. 0. 2.];80,35714286;65,4265873
14;2025-11-25T13:38:07.483998;[2. 2. 1. 1. 0. 1. 0. 1. 0. 0. 0. 0. 0. 1. 0. 2.];80,35714286;62,3015873
41;2025-11-24T19:34:19.640174;[0. 2. 2. 1. 0. 2. 2. 2. 0. 1. 0. 1. 0. 2. 0. 1.];80,25793651;58,68055556
48;2025-11-25T15:27:31.767187;[0. 1. 2. 0. 2. 0. 0. 1. 2. 1. 2. 1. 2. 1. 0. 2.];80,25793651;37,79761905
4;2025-11-21T12:02:45.140244;[0. 1. 0. 0. 0. 0. 1. 0. 2. 1. 2. 1. 2. 1. 1. 0.];80,15873016;40,17857143
39;2025-11-25T11:53:39.221849;[0. 2. 2. 1. 2. 2. 0. 1. 0. 1. 0. 0. 2. 2. 0. 2.];80,05952381;54,91071429
11;2025-11-24T17:02:50.800953;[0. 1. 2. 0. 1. 1. 2. 0. 1. 2. 2. 1. 0. 2. 1. 0.];80,05952381;60,21825397
13;2025-11-21T12:29:50.774422;[2. 2. 2. 1. 2. 2. 1. 1. 2. 0. 1. 2. 1. 1. 0. 1.];79,76190476;62,05357143
42;2025-11-25T12:03:47.096867;[2. 1. 0. 2. 1. 0. 0. 1. 2. 0. 2. 0. 2. 2. 2. 0.];79,56349206;55,10912698
36;2025-11-21T13:34:18.862575;[0. 1. 0. 1. 2. 0. 0. 0. 2. 2. 0. 0. 0. 0. 1. 1.];79,56349206;54,56349206
28;2025-11-24T18:27:31.207099;[2. 1. 1. 2. 0. 1. 2. 2. 2. 0. 1. 2. 2. 1. 1. 2.];79,56349206;66,46825397
33;2025-11-25T14:43:38.689081;[2. 2. 0. 0. 1. 1. 0. 2. 2. 0. 1. 1. 0. 0. 0. 0.];79,56349206;45,93253968
17;2025-11-21T12:39:29.359175;[2. 2. 0. 0. 1. 0. 1. 0. 0. 2. 0. 2. 2. 1. 0. 0.];79,46428571;64,58333333
34;2025-11-25T11:38:39.785764;[0. 0. 0. 0. 0. 1. 1. 0. 0. 1. 2. 2. 0. 1. 0. 1.];79,36507937;55,6547619
43;2025-11-24T15:10:24.583274;[1. 2. 1. 0. 2. 2. 0. 2. 2. 0. 2. 1. 0. 1. 1. 1.];79,26587302;51,09126984
30;2025-11-21T13:17:20.884957;[1. 2. 1. 0. 2. 1. 0. 1. 2. 0. 2. 2. 2. 1. 0. 2.];79,16666667;49,05753968
25;2025-11-25T14:12:15.631865;[0. 0. 2. 2. 0. 0. 2. 1. 0. 1. 1. 0. 0. 1. 1. 1.];79,06746032;55,05952381
34;2025-11-25T19:41:02.405524;[2. 1. 2. 1. 1. 2. 0. 2. 0. 2. 0. 0. 0. 1. 1. 0.];79,06746032;73,80952381
38;2025-11-25T19:48:43.874647;[2. 1. 2. 1. 1. 2. 0. 2. 0. 1. 0. 0. 0. 1. 1. 0.];79,06746032;72,4702381
26;2025-11-24T18:15:11.173164;[0. 0. 0. 0. 1. 0. 2. 0. 1. 2. 0. 2. 1. 1. 0. 1.];78,96825397;55,15873016
30;2025-11-25T14:32:21.066116;[1. 1. 0. 0. 0. 1. 2. 2. 0. 1. 0. 0. 0. 0. 1. 0.];78,96825397;44,44444444
35;2025-11-24T19:03:22.012962;[1. 0. 2. 2. 0. 2. 0. 1. 0. 1. 0. 0. 0. 1. 1. 0.];78,86904762;56,20039683
31;2025-11-25T14:37:22.463290;[1. 1. 0. 1. 0. 0. 2. 2. 1. 2. 1. 1. 0. 2. 1. 0.];78,86904762;55,8531746
44;2025-11-25T12:09:30.783919;[0. 0. 2. 2. 0. 0. 1. 2. 0. 0. 0. 1. 0. 2. 0. 2.];78,76984127;48,11507937
46;2025-11-21T14:08:04.323382;[0. 0. 1. 1. 1. 1. 0. 2. 0. 2. 0. 0. 0. 1. 0. 2.];78,76984127;63,49206349
44;2025-11-24T19:51:56.914653;[1. 2. 2. 1. 0. 1. 2. 2. 0. 2. 0. 1. 1. 2. 1. 2.];78,76984127;66,51785714
18;2025-11-25T13:49:30.345910;[2. 1. 0. 2. 2. 1. 1. 1. 0. 0. 1. 1. 2. 0. 0. 2.];78,76984127;61,75595238
35;2025-11-25T14:50:58.072186;[2. 0. 1. 0. 2. 1. 2. 1. 0. 1. 2. 0. 1. 2. 1. 2.];78,67063492;59,02777778
14;2025-11-25T16:26:29.489812;[2. 1. 2. 1. 1. 1. 0. 2. 0. 2. 0. 0. 0. 1. 1. 0.];78,57142857;72,32142857
16;2025-11-25T16:32:43.886319;[2. 1. 2. 1. 1. 1. 0. 2. 0. 2. 0. 0. 0. 1. 1. 0.];78,57142857;71,62698413
39;2025-11-25T19:52:43.716962;[2. 1. 2. 1. 1. 2. 0. 2. 0. 0. 0. 0. 0. 1. 1. 0.];78,47222222;74,55357143
8;2025-11-21T12:13:47.927298;[2. 0. 2. 1. 1. 0. 1. 2. 0. 2. 1. 2. 1. 2. 1. 2.];78,37301587;71,37896825
1;2025-11-25T15:38:56.724691;[2. 1. 2. 1. 1. 1. 0. 2. 0. 1. 0. 0. 0. 1. 1. 0.];78,27380952;73,75992063
18;2025-11-24T17:31:32.647621;[2. 0. 0. 0. 2. 1. 2. 2. 0. 0. 1. 1. 0. 2. 1. 1.];78,07539683;64,63293651
9;2025-11-25T10:26:50.494577;[2. 2. 2. 0. 1. 2. 2. 2. 1. 0. 1. 0. 0. 2. 0. 0.];77,97619048;55,80357143
14;2025-11-24T17:14:03.712164;[2. 0. 2. 0. 2. 0. 0. 1. 0. 1. 0. 2. 0. 0. 1. 2.];77,97619048;46,13095238
37;2025-11-25T14:55:36.457887;[1. 2. 2. 0. 1. 2. 0. 1. 0. 1. 1. 1. 2. 2. 2. 0.];77,97619048;48,41269841
35;2025-11-25T17:29:12.302023;[2. 1. 2. 1. 1. 1. 0. 2. 0. 2. 0. 1. 0. 1. 1. 0.];77,97619048;72,91666667
35;2025-11-25T20:03:55.738121;[2. 1. 2. 1. 1. 1. 0. 2. 0. 0. 0. 0. 0. 1. 1. 0.];77,97619048;72,4702381
38;2025-11-25T20:08:03.006590;[2. 1. 2. 1. 1. 1. 0. 2. 0. 0. 0. 0. 0. 1. 1. 0.];77,97619048;73,31349206
43;2025-11-25T20:12:12.610958;[2. 1. 2. 1. 1. 1. 0. 2. 0. 0. 0. 0. 0. 1. 1. 0.];77,97619048;71,4781746
45;2025-11-25T20:16:18.472509;[2. 1. 2. 1. 1. 1. 0. 2. 0. 0. 0. 0. 0. 1. 1. 0.];77,97619048;74,10714286
12;2025-11-24T12:41:45.290929;[0. 0. 1. 0. 1. 1. 1. 0. 2. 0. 1. 1. 1. 0. 1. 2.];77,77777778;44,59325397
36;2025-11-25T14:52:50.205901;[0. 1. 0. 0. 0. 1. 0. 0. 2. 1. 2. 0. 0. 1. 0. 2.];77,57936508;44,24603175
44;2025-11-25T15:19:50.728877;[0. 0. 0. 1. 2. 0. 1. 2. 1. 0. 0. 0. 2. 2. 0. 1.];77,57936508;61,30952381
2;2025-11-25T15:43:35.517054;[2. 1. 2. 1. 1. 1. 0. 2. 0. 2. 0. 0. 1. 1. 1. 0.];77,57936508;72,37103175
44;2025-11-25T17:59:10.020559;[2. 1. 2. 1. 1. 1. 0. 2. 0. 2. 0. 0. 1. 1. 1. 0.];77,57936508;74,25595238
17;2025-11-24T17:28:27.950764;[1. 2. 1. 2. 2. 1. 0. 2. 0. 2. 2. 0. 2. 2. 0. 0.];77,48015873;54,41468254
4;2025-11-24T16:26:44.319744;[0. 1. 2. 2. 0. 2. 2. 1. 0. 2. 2. 0. 0. 2. 0. 0.];77,38095238;53,125
7;2025-11-24T16:41:49.133292;[2. 0. 1. 0. 0. 1. 2. 1. 1. 0. 0. 1. 1. 2. 1. 2.];77,38095238;44,59325397
19;2025-11-24T17:37:39.285709;[1. 0. 0. 1. 2. 2. 1. 1. 1. 0. 0. 0. 0. 1. 2. 1.];77,38095238;56,00198413
14;2025-11-25T10:41:09.492991;[2. 1. 0. 2. 1. 1. 2. 2. 0. 0. 0. 2. 1. 2. 1. 2.];77,28174603;60,26785714
7;2025-11-25T10:21:44.261748;[1. 0. 2. 1. 0. 0. 2. 1. 2. 2. 2. 0. 2. 2. 1. 2.];77,18253968;41,76587302
10;2025-11-24T12:32:59.778891;[2. 2. 2. 1. 0. 0. 2. 0. 1. 1. 2. 2. 1. 2. 1. 2.];77,18253968;59,62301587
3;2025-11-25T13:03:29.797940;[2. 0. 2. 1. 1. 0. 0. 0. 0. 0. 0. 0. 2. 1. 1. 2.];77,18253968;64,38492063
15;2025-11-25T13:42:26.771447;[1. 1. 1. 0. 1. 0. 1. 1. 1. 2. 0. 0. 1. 0. 0. 0.];77,08333333;29,61309524
19;2025-11-25T10:56:02.967005;[2. 0. 1. 2. 2. 1. 2. 0. 2. 0. 0. 2. 2. 2. 0. 1.];76,98412698;63,83928571
36;2025-11-25T20:28:54.328191;[2. 1. 2. 1. 1. 2. 0. 2. 0. 0. 0. 0. 1. 1. 1. 0.];76,98412698;72,32142857
26;2025-11-25T11:14:56.848127;[0. 2. 1. 2. 2. 1. 2. 1. 0. 0. 0. 1. 1. 1. 1. 0.];76,78571429;62,99603175
38;2025-11-24T14:46:34.002642;[2. 1. 2. 0. 1. 2. 2. 1. 2. 1. 0. 0. 2. 2. 1. 2.];76,78571429;52,82738095
38;2025-11-25T14:57:40.060447;[1. 0. 0. 0. 1. 1. 0. 0. 1. 2. 0. 1. 2. 0. 1. 1.];76,78571429;34,5734127
3;2025-11-25T15:48:50.537721;[2. 1. 1. 1. 1. 0. 0. 2. 0. 2. 0. 0. 0. 1. 1. 0.];76,78571429;70,88293651
13;2025-11-25T16:21:51.904204;[2. 1. 1. 1. 1. 0. 0. 2. 0. 2. 0. 0. 0. 1. 1. 0.];76,78571429;69,54365079
38;2025-11-25T17:40:28.552236;[2. 1. 2. 1. 1. 0. 0. 2. 0. 2. 0. 0. 0. 1. 1. 0.];76,78571429;69,3452381
27;2025-11-21T13:07:36.524395;[2. 1. 1. 0. 2. 0. 0. 1. 0. 1. 0. 2. 1. 0. 0. 1.];76,68650794;36,95436508
30;2025-11-24T14:03:27.033739;[2. 0. 0. 2. 2. 0. 1. 1. 1. 1. 0. 1. 0. 1. 0. 0.];76,68650794;63,0952381
6;2025-11-25T16:00:10.226978;[2. 1. 2. 1. 1. 0. 0. 2. 0. 1. 0. 0. 0. 1. 1. 0.];76,68650794;71,62698413
20;2025-11-25T16:45:19.676707;[2. 1. 2. 1. 1. 0. 0. 2. 0. 1. 0. 0. 0. 1. 1. 0.];76,68650794;70,08928571
23;2025-11-25T16:53:36.468839;[2. 1. 2. 1. 1. 0. 0. 2. 0. 1. 0. 0. 0. 1. 1. 0.];76,68650794;69,29563492
24;2025-11-25T11:10:44.935133;[0. 0. 2. 1. 2. 2. 2. 1. 0. 2. 1. 2. 1. 2. 0. 1.];76,58730159;47,81746032
45;2025-11-21T14:04:16.152963;[2. 2. 1. 1. 2. 2. 1. 1. 0. 1. 1. 2. 0. 2. 0. 1.];76,58730159;53,37301587
9;2025-11-24T16:53:30.497342;[2. 1. 1. 0. 2. 1. 1. 0. 0. 0. 2. 1. 1. 1. 1. 2.];76,58730159;67,11309524
31;2025-11-24T18:43:22.453966;[0. 0. 1. 0. 1. 0. 1. 0. 0. 1. 2. 1. 1. 1. 0. 2.];76,58730159;63,24404762
0;2025-11-24T11:47:11.771054;[2. 0. 0. 2. 0. 1. 0. 1. 2. 0. 1. 0. 1. 0. 2. 0.];76,48809524;33,92857143
16;2025-11-24T17:22:20.171510;[0. 1. 2. 2. 0. 0. 0. 0. 0. 1. 1. 1. 0. 2. 2. 0.];76,48809524;45,78373016
7;2025-11-25T13:14:05.336688;[0. 0. 2. 0. 2. 1. 1. 1. 1. 1. 2. 1. 0. 2. 0. 2.];76,48809524;45,63492063
17;2025-11-25T10:50:30.698738;[0. 1. 2. 1. 2. 0. 2. 0. 1. 0. 2. 2. 2. 2. 0. 2.];76,28968254;62,00396825
43;2025-11-24T19:45:05.803173;[1. 0. 2. 1. 2. 2. 2. 0. 2. 1. 1. 0. 0. 2. 0. 1.];76,28968254;62,05357143
35;2025-11-25T20:21:01.400154;[2. 1. 2. 1. 1. 0. 0. 2. 0. 0. 0. 0. 0. 1. 1. 0.];76,28968254;70,58531746
37;2025-11-25T20:35:30.741777;[2. 1. 2. 1. 1. 0. 0. 2. 0. 0. 0. 0. 0. 1. 1. 0.];76,28968254;69,74206349
38;2025-11-25T20:50:19.468181;[2. 1. 2. 1. 1. 0. 0. 2. 0. 0. 0. 0. 0. 1. 1. 0.];76,28968254;70,88293651
19;2025-11-24T13:14:10.349104;[2. 2. 1. 2. 2. 1. 0. 1. 0. 1. 0. 0. 0. 0. 2. 2.];76,19047619;57,83730159
36;2025-11-24T14:36:43.047441;[2. 2. 0. 1. 1. 0. 1. 1. 2. 1. 2. 0. 1. 2. 1. 2.];76,19047619;51,38888889
20;2025-11-25T11:00:20.881416;[2. 1. 0. 1. 1. 0. 2. 0. 2. 0. 2. 1. 0. 1. 1. 0.];76,09126984;62,45039683
40;2025-11-25T15:05:39.125257;[1. 2. 1. 1. 0. 1. 0. 2. 1. 1. 0. 1. 0. 0. 1. 1.];76,09126984;41,26984127
15;2025-11-24T17:17:58.836017;[0. 0. 1. 0. 2. 1. 2. 1. 1. 0. 2. 0. 0. 0. 2. 0.];75,99206349;35,36706349
1;2025-11-25T12:53:55.241234;[2. 2. 2. 2. 1. 1. 1. 0. 0. 2. 2. 1. 0. 2. 0. 1.];75,89285714;67,01388889
32;2025-11-25T11:35:47.077650;[2. 2. 2. 2. 1. 2. 0. 1. 2. 1. 1. 2. 0. 1. 0. 0.];75,69444444;59,7718254
22;2025-11-25T11:03:32.302389;[0. 2. 0. 2. 0. 0. 2. 1. 0. 2. 1. 2. 1. 1. 1. 0.];75,49603175;45,68452381
15;2025-11-25T10:44:12.825164;[0. 0. 0. 1. 0. 2. 1. 0. 0. 2. 1. 2. 0. 0. 1. 2.];75,1984127;43,45238095
15;2025-11-21T12:34:27.991380;[1. 2. 0. 0. 0. 1. 0. 1. 2. 2. 1. 0. 1. 2. 1. 0.];75,09920635;33,23412698
45;2025-11-25T15:22:18.624538;[2. 2. 2. 2. 0. 1. 0. 2. 2. 2. 0. 0. 0. 1. 1. 2.];75,09920635;69,19642857
8;2025-11-25T10:25:02.108839;[1. 1. 0. 0. 1. 2. 1. 1. 1. 0. 0. 0. 1. 2. 0. 1.];75;36,01190476
39;2025-11-24T14:49:49.469007;[2. 0. 0. 2. 0. 2. 0. 0. 1. 0. 0. 2. 2. 1. 1. 2.];75;60,31746032
23;2025-11-24T18:02:18.764285;[2. 1. 0. 1. 1. 2. 2. 0. 1. 2. 1. 0. 0. 0. 1. 1.];75;46,08134921
44;2025-11-24T15:16:11.004673;[2. 0. 1. 1. 1. 0. 0. 2. 2. 2. 1. 2. 1. 2. 1. 2.];74,90079365;66,0218254
49;2025-11-24T20:17:34.841543;[2. 1. 0. 2. 1. 1. 1. 2. 2. 1. 1. 2. 0. 2. 0. 1.];74,90079365;53,27380952
12;2025-11-24T17:07:02.172218;[0. 0. 0. 1. 0. 2. 2. 0. 0. 2. 0. 0. 1. 0. 2. 2.];74,8015873;53,3234127
23;2025-11-25T11:07:13.983448;[0. 1. 1. 2. 1. 2. 0. 2. 0. 0. 0. 2. 0. 2. 0. 1.];74,70238095;41,81547619
21;2025-11-21T12:50:33.648407;[2. 0. 1. 0. 0. 2. 2. 0. 0. 0. 2. 1. 2. 2. 2. 1.];74,70238095;58,87896825
32;2025-11-24T18:48:41.327709;[1. 1. 1. 0. 2. 0. 2. 0. 1. 1. 2. 1. 1. 1. 0. 0.];74,70238095;42,75793651
18;2025-11-21T12:40:58.171900;[0. 0. 2. 0. 1. 1. 0. 0. 1. 2. 1. 2. 0. 0. 1. 1.];74,6031746;32,88690476
49;2025-11-21T14:18:03.849032;[2. 0. 1. 1. 1. 0. 2. 2. 0. 0. 2. 1. 2. 1. 1. 0.];74,50396825;70,98214286
20;2025-11-24T17:43:38.829190;[0. 1. 1. 2. 1. 1. 0. 1. 0. 1. 2. 2. 0. 2. 0. 1.];74,4047619;54,26587302
20;2025-11-25T13:56:31.908549;[1. 0. 0. 0. 0. 1. 1. 0. 0. 2. 2. 0. 2. 1. 2. 1.];74,30555556;48,46230159
49;2025-11-25T15:31:12.079775;[2. 2. 0. 1. 1. 2. 0. 2. 2. 1. 1. 2. 0. 2. 2. 0.];74,30555556;68,89880952
32;2025-11-21T13:22:57.765953;[2. 0. 0. 1. 0. 1. 1. 0. 2. 2. 1. 0. 0. 1. 0. 1.];74,20634921;46,92460317
15;2025-11-24T12:54:35.645204;[0. 0. 1. 1. 1. 1. 0. 1. 2. 0. 1. 1. 0. 2. 0. 2.];74,20634921;40,17857143
44;2025-11-21T13:59:57.957438;[1. 2. 1. 2. 1. 0. 0. 1. 0. 1. 1. 1. 0. 2. 0. 2.];74,10714286;47,37103175
34;2025-11-24T18:58:31.430888;[1. 1. 2. 2. 0. 2. 1. 0. 0. 1. 2. 0. 2. 0. 0. 2.];74,10714286;42,31150794
14;2025-11-21T12:32:03.308522;[2. 0. 2. 2. 0. 2. 0. 1. 2. 0. 2. 2. 0. 0. 0. 1.];73,80952381;34,67261905
43;2025-11-21T13:56:16.380290;[1. 1. 2. 0. 0. 2. 1. 2. 0. 0. 0. 0. 1. 2. 2. 1.];73,80952381;42,11309524
47;2025-11-24T15:33:55.937058;[0. 0. 0. 2. 2. 1. 1. 0. 0. 1. 2. 0. 0. 2. 0. 1.];73,71031746;57,58928571
13;2025-11-24T17:10:24.515499;[0. 2. 2. 0. 0. 0. 0. 2. 2. 1. 0. 1. 0. 1. 1. 0.];73,71031746;30,00992063
37;2025-11-24T14:41:28.508922;[1. 0. 0. 1. 2. 2. 0. 2. 1. 2. 0. 1. 2. 1. 0. 1.];73,21428571;54,26587302
23;2025-11-24T13:34:13.910398;[0. 1. 1. 1. 2. 0. 2. 1. 0. 2. 0. 1. 2. 2. 2. 1.];73,01587302;43,5515873
24;2025-11-25T14:10:16.805599;[2. 0. 2. 1. 2. 0. 1. 1. 2. 1. 2. 1. 0. 1. 2. 1.];72,61904762;45,93253968
47;2025-11-24T20:06:15.202512;[0. 0. 0. 1. 1. 0. 1. 1. 1. 2. 2. 2. 0. 1. 2. 2.];72,32142857;34,9702381
25;2025-11-25T11:11:47.037905;[2. 0. 0. 0. 2. 2. 0. 0. 1. 0. 0. 0. 1. 1. 2. 0.];72,22222222;54,41468254
6;2025-11-25T13:12:21.310537;[0. 2. 0. 2. 0. 1. 1. 1. 2. 0. 1. 1. 0. 2. 1. 2.];72,02380952;42,75793651
4;2025-11-25T10:11:22.572305;[1. 0. 2. 1. 1. 1. 1. 1. 0. 2. 2. 1. 0. 2. 2. 1.];71,82539683;47,91666667
31;2025-11-24T14:08:38.969265;[1. 2. 1. 2. 2. 0. 0. 0. 1. 2. 0. 0. 1. 2. 1. 1.];71,82539683;53,7202381
2;2025-11-24T16:19:20.509115;[2. 1. 1. 0. 1. 2. 1. 2. 1. 2. 0. 1. 2. 2. 1. 0.];71,82539683;47,76785714
1;2025-11-21T11:54:12.886432;[2. 1. 2. 1. 2. 0. 1. 0. 1. 2. 1. 1. 2. 1. 0. 2.];71,72619048;55,10912698
5;2025-11-25T13:10:01.701101;[1. 2. 0. 0. 0. 1. 1. 1. 2. 1. 1. 2. 1. 1. 2. 2.];71,62698413;23,71031746
0;2025-11-24T16:09:13.048823;[1. 0. 2. 1. 2. 1. 1. 2. 0. 1. 0. 2. 2. 2. 0. 1.];71,52777778;48,56150794
29;2025-11-21T13:14:29.550267;[0. 1. 0. 1. 0. 0. 1. 1. 1. 0. 2. 1. 2. 2. 2. 2.];71,32936508;33,7797619
22;2025-11-24T13:27:36.142866;[2. 0. 2. 2. 0. 1. 2. 2. 2. 2. 1. 0. 0. 1. 2. 0.];71,32936508;55,80357143
46;2025-11-25T15:24:15.888952;[0. 1. 0. 0. 0. 2. 2. 2. 1. 0. 0. 0. 1. 0. 0. 2.];71,23015873;29,36507937
0;2025-11-21T11:50:06.215895;[1. 1. 0. 1. 2. 2. 1. 1. 2. 1. 2. 2. 0. 1. 2. 1.];71,13095238;44,24603175
2;2025-11-25T10:05:06.740335;[0. 0. 0. 1. 1. 2. 0. 2. 1. 2. 2. 2. 0. 2. 2. 2.];70,93253968;58,73015873
36;2025-11-25T11:45:29.562848;[0. 1. 0. 1. 1. 0. 0. 2. 1. 1. 0. 1. 1. 0. 0. 0.];70,93253968;42,26190476
17;2025-11-25T13:46:16.858004;[1. 2. 0. 0. 1. 1. 2. 2. 0. 1. 1. 0. 2. 2. 1. 1.];70,93253968;34,32539683
24;2025-11-24T18:08:56.228475;[2. 1. 0. 1. 2. 0. 1. 1. 2. 1. 0. 0. 2. 0. 1. 2.];70,83333333;38,78968254
26;2025-11-21T13:04:36.528983;[2. 1. 1. 2. 2. 1. 0. 2. 1. 2. 0. 0. 1. 0. 2. 2.];70,63492063;53,67063492
0;2025-11-25T09:59:32.563881;[2. 0. 2. 0. 0. 2. 1. 0. 1. 0. 1. 1. 1. 0. 2. 1.];70,43650794;28,57142857
17;2025-11-24T13:05:01.347828;[2. 0. 0. 0. 2. 1. 1. 2. 1. 1. 2. 1. 0. 2. 2. 2.];70,33730159;52,97619048
7;2025-11-24T12:17:38.692550;[0. 2. 2. 0. 2. 2. 0. 1. 2. 1. 2. 2. 1. 2. 2. 2.];70,23809524;46,2797619
39;2025-11-25T15:00:18.152930;[2. 2. 1. 0. 0. 2. 2. 1. 2. 0. 2. 0. 0. 0. 0. 1.];70,23809524;34,1765873
12;2025-11-25T13:30:47.201402;[0. 1. 2. 2. 2. 2. 1. 1. 0. 2. 1. 1. 1. 1. 0. 0.];70,13888889;54,36507937
1;2025-11-25T10:01:52.465229;[2. 0. 2. 2. 2. 2. 1. 1. 2. 2. 0. 2. 0. 0. 0. 0.];70,03968254;46,72619048
12;2025-11-21T12:26:09.929205;[0. 1. 1. 2. 0. 2. 2. 1. 0. 1. 1. 0. 0. 2. 2. 2.];69,84126984;40,625
34;2025-11-24T14:24:48.015999;[0. 1. 1. 1. 0. 1. 0. 1. 2. 2. 0. 1. 0. 0. 0. 1.];69,84126984;24,20634921
1;2025-11-24T16:13:54.803744;[2. 1. 0. 2. 2. 2. 2. 2. 0. 1. 0. 1. 0. 1. 1. 2.];69,64285714;52,38095238
0;2025-11-25T12:50:51.577588;[0. 0. 1. 1. 1. 1. 0. 0. 0. 1. 0. 0. 1. 1. 1. 2.];69,64285714;56,20039683
35;2025-11-24T14:30:34.651274;[1. 0. 2. 1. 1. 0. 2. 2. 1. 1. 2. 1. 1. 1. 0. 1.];69,44444444;45,83333333
3;2025-11-24T16:21:55.502330;[0. 0. 0. 0. 0. 1. 0. 0. 2. 2. 2. 1. 0. 0. 1. 1.];69,24603175;24,90079365
37;2025-11-24T19:14:27.708729;[1. 1. 0. 1. 2. 2. 0. 0. 2. 1. 2. 2. 2. 2. 1. 1.];69,1468254;60,16865079
28;2025-11-21T13:10:43.942354;[1. 2. 2. 2. 0. 2. 1. 1. 0. 2. 1. 1. 0. 1. 2. 2.];68,9484127;49,30555556
28;2025-11-24T13:55:38.542552;[1. 0. 1. 2. 0. 0. 2. 1. 2. 2. 0. 1. 2. 1. 0. 1.];68,9484127;37,74801587
3;2025-11-24T12:03:18.311410;[2. 2. 1. 2. 1. 1. 1. 0. 1. 0. 2. 0. 2. 1. 1. 2.];68,84920635;60,56547619
23;2025-11-25T14:06:20.836189;[2. 1. 1. 1. 1. 2. 2. 2. 0. 2. 2. 0. 2. 1. 0. 2.];68,84920635;51,98412698
35;2025-11-25T11:41:24.639631;[0. 1. 0. 2. 2. 1. 0. 2. 1. 0. 0. 1. 2. 2. 2. 0.];68,65079365;35,76388889
46;2025-11-24T20:01:00.746293;[2. 0. 0. 1. 0. 2. 1. 0. 2. 1. 2. 1. 1. 1. 2. 0.];67,95634921;41,56746032
13;2025-11-25T13:33:18.302675;[0. 2. 1. 0. 2. 1. 0. 1. 1. 1. 2. 0. 0. 0. 0. 1.];67,95634921;26,14087302
38;2025-11-24T19:19:06.358015;[1. 2. 2. 0. 0. 0. 1. 2. 1. 1. 0. 0. 1. 0. 0. 2.];67,55952381;18,10515873
21;2025-11-24T13:23:14.459128;[0. 1. 2. 0. 2. 1. 1. 0. 1. 2. 2. 0. 2. 0. 1. 2.];67,46031746;31,34920635
10;2025-11-24T16:58:41.684380;[2. 0. 0. 1. 1. 0. 1. 0. 1. 2. 1. 0. 2. 1. 2. 1.];67,26190476;43,45238095
6;2025-11-21T12:08:50.071156;[0. 1. 1. 0. 2. 2. 1. 0. 2. 0. 2. 1. 2. 0. 2. 1.];67,16269841;34,22619048
21;2025-11-24T17:50:01.308377;[2. 1. 2. 1. 0. 0. 0. 2. 2. 1. 0. 1. 2. 1. 0. 0.];67,16269841;56,69642857
9;2025-11-25T13:20:52.228862;[2. 1. 2. 2. 1. 0. 1. 1. 1. 0. 1. 2. 1. 2. 2. 1.];67,16269841;47,71825397
24;2025-11-21T12:57:21.382837;[0. 0. 2. 2. 0. 1. 1. 0. 1. 1. 0. 0. 2. 2. 2. 1.];66,96428571;43,25396825
29;2025-11-25T14:29:19.077027;[0. 1. 1. 1. 2. 1. 1. 1. 1. 2. 1. 2. 2. 2. 1. 1.];66,86507937;43,1547619
9;2025-11-21T12:14:56.295760;[2. 0. 0. 0. 1. 0. 0. 2. 1. 1. 0. 2. 0. 1. 2. 0.];66,76587302;38,93849206
48;2025-11-21T14:14:09.193804;[0. 0. 0. 2. 2. 0. 2. 0. 2. 1. 2. 0. 1. 2. 2. 0.];66,76587302;51,68650794
5;2025-11-24T12:10:07.721938;[0. 1. 2. 0. 0. 0. 0. 2. 2. 1. 2. 2. 2. 2. 1. 0.];66,76587302;39,28571429
45;2025-11-24T19:55:57.843104;[0. 0. 1. 2. 0. 0. 2. 0. 1. 2. 2. 2. 2. 2. 1. 0.];66,46825397;50,24801587
41;2025-11-25T15:08:24.109590;[2. 2. 1. 0. 1. 2. 0. 1. 2. 2. 2. 1. 2. 2. 2. 1.];65,97222222;42,70833333
20;2025-11-24T13:19:04.994005;[2. 2. 1. 0. 0. 2. 1. 1. 1. 1. 1. 0. 2. 2. 2. 0.];65,57539683;36,11111111
22;2025-11-24T17:56:19.716961;[1. 1. 1. 2. 0. 1. 2. 0. 0. 0. 0. 0. 2. 1. 0. 1.];65,17857143;53,02579365
23;2025-11-21T12:55:21.479177;[2. 1. 2. 2. 2. 0. 2. 2. 0. 0. 1. 0. 2. 1. 2. 2.];64,98015873;67,41071429
16;2025-11-25T13:43:48.057580;[0. 2. 0. 0. 2. 2. 1. 2. 2. 0. 1. 0. 0. 1. 0. 1.];64,98015873;33,03571429
32;2025-11-25T14:42:00.480735;[0. 1. 2. 1. 1. 1. 1. 0. 2. 0. 2. 0. 1. 1. 1. 0.];64,78174603;51,19047619
41;2025-11-21T13:49:11.311679;[0. 0. 0. 1. 2. 2. 1. 0. 1. 1. 1. 1. 0. 2. 1. 2.];64,28571429;47,61904762
28;2025-11-25T11:21:10.309726;[0. 2. 1. 0. 0. 2. 1. 2. 0. 2. 1. 2. 2. 0. 0. 0.];64,08730159;26,73611111
33;2025-11-24T18:52:41.432035;[0. 0. 0. 2. 1. 1. 0. 1. 0. 0. 2. 1. 2. 1. 2. 0.];63,88888889;53,86904762
40;2025-11-24T14:55:29.578828;[0. 2. 2. 1. 1. 1. 0. 0. 1. 1. 2. 2. 1. 2. 2. 2.];63,78968254;53,57142857
39;2025-11-21T13:43:33.589774;[0. 1. 2. 2. 2. 1. 0. 2. 2. 1. 1. 1. 0. 2. 2. 2.];63,59126984;43,60119048
38;2025-11-21T13:40:45.270130;[2. 2. 0. 1. 2. 1. 1. 2. 2. 2. 0. 2. 1. 1. 0. 1.];62,8968254;44,84126984
48;2025-11-24T20:12:00.971927;[0. 2. 2. 1. 0. 1. 0. 2. 2. 1. 2. 2. 1. 1. 2. 1.];62,6984127;45,08928571
11;2025-11-25T10:30:58.547720;[1. 2. 0. 0. 2. 1. 2. 0. 2. 1. 1. 1. 1. 1. 2. 0.];62,40079365;36,60714286
24;2025-11-24T13:38:40.156966;[2. 0. 1. 2. 1. 0. 0. 0. 2. 2. 2. 0. 1. 1. 2. 1.];62,3015873;46,13095238
16;2025-11-25T10:46:18.227771;[2. 0. 2. 2. 0. 0. 2. 2. 1. 2. 1. 0. 1. 1. 0. 1.];62,20238095;60,71428571
49;2025-11-25T12:24:09.938783;[2. 1. 2. 2. 0. 2. 0. 2. 1. 0. 2. 2. 1. 1. 0. 1.];62,20238095;62,59920635
27;2025-11-24T13:50:21.321199;[0. 1. 0. 2. 2. 0. 0. 1. 1. 1. 1. 2. 1. 1. 0. 2.];62,1031746;40,57539683
42;2025-11-24T19:39:17.211795;[0. 2. 0. 1. 1. 2. 0. 0. 1. 1. 0. 1. 2. 0. 0. 1.];62,1031746;37,84722222
31;2025-11-21T13:19:53.146950;[1. 0. 0. 2. 1. 1. 2. 0. 1. 1. 0. 0. 0. 1. 1. 0.];61,70634921;41,71626984
8;2025-11-24T16:47:58.254967;[2. 1. 0. 1. 2. 1. 2. 2. 1. 1. 0. 0. 0. 1. 0. 2.];61,70634921;46,13095238
43;2025-11-25T15:16:38.358144;[2. 0. 1. 2. 2. 0. 2. 0. 1. 0. 2. 0. 0. 1. 2. 1.];61,50793651;51,04166667
5;2025-11-24T16:31:09.439364;[0. 2. 0. 2. 0. 1. 1. 1. 1. 1. 1. 2. 1. 2. 0. 1.];60,81349206;42,90674603
11;2025-11-24T12:38:11.766750;[1. 2. 0. 2. 1. 1. 0. 2. 1. 2. 1. 2. 2. 2. 0. 1.];60,61507937;46,03174603
40;2025-11-24T19:29:01.521848;[0. 0. 1. 2. 0. 2. 1. 1. 1. 1. 1. 2. 1. 2. 2. 2.];59,52380952;44,24603175
46;2025-11-24T15:30:25.046950;[2. 1. 1. 1. 1. 1. 1. 0. 0. 1. 2. 1. 2. 1. 0. 1.];59,12698413;52,38095238
4;2025-11-25T13:07:20.477870;[0. 0. 2. 1. 1. 0. 1. 0. 1. 0. 0. 2. 1. 1. 0. 1.];57,34126984;47,61904762
6;2025-11-25T10:17:15.195614;[1. 0. 2. 2. 2. 0. 2. 2. 0. 2. 2. 0. 2. 1. 2. 2.];56,54761905;18,3531746
29;2025-11-24T18:33:20.907474;[0. 2. 2. 1. 1. 0. 2. 1. 2. 0. 1. 0. 2. 0. 2. 2.];56,34920635;23,06547619
2;2025-11-24T11:57:41.292359;[1. 2. 0. 2. 2. 1. 1. 0. 0. 0. 1. 0. 1. 0. 2. 2.];55,95238095;39,18650794
2;2025-11-21T11:57:05.304213;[2. 0. 1. 2. 1. 1. 2. 2. 1. 1. 1. 2. 0. 1. 2. 1.];55,25793651;27,08333333
42;2025-11-21T13:53:12.392478;[2. 1. 2. 1. 2. 1. 2. 0. 2. 0. 0. 1. 1. 1. 2. 1.];54,86111111;47,51984127
5;2025-11-21T12:06:10.545026;[1. 0. 1. 2. 1. 0. 1. 2. 0. 2. 2. 2. 0. 1. 1. 2.];54,66269841;16,07142857
45;2025-11-24T15:23:13.755092;[1. 2. 1. 1. 1. 2. 1. 0. 1. 2. 1. 2. 2. 1. 2. 0.];54,16666667;38,74007937
25;2025-11-24T13:43:05.835252;[1. 0. 1. 0. 1. 2. 1. 0. 1. 1. 1. 1. 0. 0. 0. 1.];53,57142857;19,29563492
43;2025-11-25T12:07:31.183067;[2. 1. 1. 2. 2. 0. 0. 0. 0. 0. 2. 2. 2. 1. 2. 2.];53,27380952;46,2797619
8;2025-11-24T12:21:34.360069;[1. 0. 0. 0. 1. 1. 0. 1. 2. 1. 0. 1. 2. 0. 2. 0.];52,77777778;17,95634921
49;2025-11-24T15:45:38.608000;[1. 2. 0. 2. 0. 1. 1. 0. 0. 0. 2. 2. 2. 1. 0. 1.];52,08333333;40,8234127
12;2025-11-25T10:35:35.736758;[1. 2. 2. 1. 0. 1. 0. 2. 2. 2. 1. 1. 2. 0. 0. 0.];51,38888889;25,14880952
38;2025-11-25T11:49:53.388070;[1. 2. 0. 2. 2. 2. 0. 0. 1. 0. 1. 1. 2. 1. 0. 0.];51,28968254;37,84722222
32;2025-11-24T14:13:15.302367;[0. 1. 0. 2. 1. 2. 0. 1. 1. 2. 1. 2. 2. 1. 2. 2.];48,41269841;36,60714286
33;2025-11-21T13:25:00.805302;[2. 2. 0. 2. 2. 2. 0. 0. 1. 1. 1. 0. 2. 0. 2. 1.];48,21428571;32,19246032
3;2025-11-21T12:00:51.951757;[0. 1. 0. 1. 1. 1. 0. 2. 0. 2. 2. 1. 2. 0. 2. 2.];47,42063492;29,26587302
41;2025-11-25T12:00:32.492521;[1. 1. 1. 2. 1. 1. 1. 0. 0. 2. 2. 1. 0. 1. 0. 1.];47,22222222;32,58928571
40;2025-11-21T13:46:25.148062;[0. 2. 1. 2. 1. 0. 1. 2. 2. 2. 0. 0. 0. 0. 0. 0.];47,12301587;22,32142857
10;2025-11-25T10:28:47.721390;[2. 2. 2. 0. 0. 2. 1. 1. 2. 1. 0. 0. 2. 0. 2. 1.];46,62698413;20,33730159
37;2025-11-21T13:37:14.513827;[2. 1. 0. 2. 1. 1. 1. 0. 2. 1. 0. 2. 2. 1. 2. 2.];46,13095238;38,49206349
6;2025-11-24T16:37:27.274059;[2. 2. 2. 1. 1. 0. 0. 1. 1. 2. 2. 0. 1. 0. 2. 2.];43,9484127;17,46031746
30;2025-11-25T11:28:23.991998;[0. 1. 0. 1. 0. 1. 0. 1. 2. 0. 2. 2. 2. 0. 2. 1.];43,65079365;19,39484127
26;2025-11-25T14:13:46.874368;[0. 0. 2. 0. 1. 2. 1. 2. 2. 2. 2. 2. 1. 1. 2. 0.];41,96428571;17,65873016
27;2025-11-24T18:21:18.143736;[0. 2. 2. 1. 2. 1. 2. 1. 0. 1. 1. 2. 1. 0. 2. 1.];40,77380952;18,05555556
25;2025-11-24T18:12:33.184346;[0. 2. 2. 0. 2. 2. 2. 2. 1. 2. 1. 2. 2. 1. 0. 1.];37,1031746;13,14484127
10;2025-11-21T12:17:47.410864;[0. 1. 1. 0. 1. 1. 1. 1. 1. 2. 0. 2. 1. 0. 2. 1.];36,21031746;16,12103175
34;2025-11-25T14:48:23.714804;[2. 2. 1. 1. 0. 0. 0. 1. 1. 2. 2. 2. 2. 0. 1. 1.];36,11111111;17,01388889
10;2025-11-25T13:24:17.011789;[2. 1. 0. 2. 1. 1. 1. 1. 2. 2. 0. 1. 2. 0. 2. 2.];35,71428571;20,28769841
28;2025-11-25T14:23:42.492307;[1. 2. 0. 1. 2. 2. 1. 1. 2. 2. 2. 1. 0. 0. 0. 2.];35,51587302;15,12896825
27;2025-11-25T14:19:01.265132;[1. 1. 0. 1. 1. 2. 2. 2. 1. 2. 1. 2. 1. 1. 0. 1.];34,82142857;19,54365079
4;2025-11-24T12:06:50.634895;[1. 0. 0. 0. 0. 2. 1. 1. 2. 1. 0. 2. 2. 0. 2. 1.];33,23412698;14,03769841
18;2025-11-25T10:53:04.228657;[1. 2. 2. 0. 2. 2. 1. 2. 2. 1. 1. 1. 0. 1. 2. 2.];30,75396825;15,72420635
22;2025-11-21T12:52:27.476513;[0. 2. 0. 2. 2. 2. 1. 0. 2. 0. 2. 1. 0. 1. 2. 1.];29,56349206;23,71031746
34;2025-11-21T13:27:16.184206;[0. 2. 2. 2. 1. 0. 2. 2. 1. 0. 0. 2. 2. 0. 0. 1.];28,67063492;10,21825397
20;2025-11-21T12:48:28.950092;[1. 0. 1. 2. 1. 0. 1. 2. 1. 2. 1. 1. 2. 1. 1. 2.];28,27380952;11,50793651
7;2025-11-21T12:10:16.959372;[0. 0. 2. 0. 0. 0. 0. 1. 1. 1. 1. 2. 1. 0. 1. 2.];28,17460317;12,5
33;2025-11-24T14:17:56.035228;[0. 0. 1. 1. 2. 2. 0. 0. 0. 2. 2. 1. 2. 0. 2. 2.];28,17460317;17,31150794
6;2025-11-24T12:14:03.538383;[0. 2. 1. 0. 1. 2. 1. 2. 1. 2. 2. 0. 2. 0. 2. 2.];27,77777778;17,41071429
9;2025-11-24T12:27:43.548904;[1. 1. 1. 2. 2. 0. 1. 2. 2. 0. 1. 1. 2. 0. 0. 2.];25,09920635;10,86309524
42;2025-11-25T15:13:53.138298;[1. 1. 0. 1. 1. 2. 1. 1. 2. 2. 1. 1. 1. 0. 1. 1.];23,71031746;10,91269841
5;2025-11-25T10:14:20.684145;[1. 2. 0. 2. 2. 1. 2. 2. 1. 0. 0. 1. 1. 2. 1. 1.];23,41269841;12,1031746
19;2025-11-25T13:54:25.818555;[0. 1. 1. 1. 0. 2. 0. 0. 2. 1. 2. 2. 1. 0. 0. 1.];17,75793651;13,69047619
22;2025-11-25T14:00:53.456964;[0. 1. 2. 2. 2. 2. 2. 2. 0. 2. 2. 1. 1. 1. 0. 1.];16,26984127;10,51587302
11;2025-11-25T13:27:36.935108;[1. 1. 2. 0. 2. 1. 2. 2. 1. 0. 1. 1. 2. 0. 1. 1.];15,97222222;9,771825397
14;2025-11-24T12:48:30.122179;[1. 0. 0. 2. 2. 0. 0. 0. 2. 2. 1. 2. 2. 0. 0. 1.];13,49206349;11,50793651
30;2025-11-24T18:39:26.593873;[0. 2. 1. 1. 2. 2. 2. 2. 2. 2. 2. 1. 2. 0. 2. 2.];12,59920635;11,21031746
35;2025-11-21T13:30:58.998961;[1. 2. 1. 2. 1. 1. 2. 2. 0. 2. 2. 2. 2. 0. 0. 2.];12,00396825;9,474206349
25;2025-11-21T13:01:04.141952;[1. 2. 1. 2. 1. 1. 2. 2. 1. 2. 1. 1. 1. 0. 1. 2.];11,11111111;9,573412698
16;2025-11-21T12:37:45.744889;[1. 0. 1. 2. 1. 1. 0. 0. 1. 1. 2. 1. 2. 0. 0. 1.];10,61507937;9,027777778
31;2025-11-25T11:33:06.387385;[1. 1. 1. 2. 1. 0. 1. 0. 2. 2. 2. 1. 1. 0. 1. 0.];10,11904762;9,871031746
