timestamp;epoch;genotype_normal;genotype_reduce;genotype_full;clean_acc;clean_loss;train_acc;train_loss;f1;params;total_time_sec
03:43,7;0;-;-;gat_cos||gin||gat_generalized_linear||skip||skip||skip||l_concat;30,25830269;1,90177393;21,0947113;1,928448796;0,065934066;133967;3,769298315
03:43,7;1;-;-;gat_cos||gin||gat_generalized_linear||skip||skip||skip||l_concat;30,25830269;1,870100737;28,04428101;1,913299561;0,065934066;133967;3,769298315
03:43,7;2;-;-;gat_cos||gin||gat_generalized_linear||skip||skip||skip||l_concat;30,25830269;1,818636298;30,19680214;1,887385726;0,065934066;133967;3,769298315
03:43,7;3;-;-;gat_cos||gin||gat_generalized_linear||skip||skip||skip||l_concat;30,44280434;1,770939231;30,99631119;1,849892259;0,065934066;133967;3,769298315
03:43,7;4;-;-;gat_cos||gin||gat_generalized_linear||skip||skip||skip||l_concat;39,48339462;1,739727616;32,34932327;1,807672024;0,079298925;133967;3,769298315
03:43,7;5;-;-;gat_cos||gin||gat_generalized_linear||skip||skip||skip||l_concat;39,29889297;1,699125051;35,91635895;1,768184781;0,105176622;133967;3,769298315
03:43,7;6;-;-;gat_cos||gin||gat_generalized_linear||skip||skip||skip||l_concat;39,48339462;1,640328646;34,74784851;1,745732784;0,107777715;133967;3,769298315
03:43,7;7;-;-;gat_cos||gin||gat_generalized_linear||skip||skip||skip||l_concat;40,95940781;1,586043358;37,0848732;1,706272602;0,143514362;133967;3,769298315
03:43,7;8;-;-;gat_cos||gin||gat_generalized_linear||skip||skip||skip||l_concat;42,8044281;1,555200338;38,19188309;1,673120022;0,180740322;133967;3,769298315
03:43,7;9;-;-;gat_cos||gin||gat_generalized_linear||skip||skip||skip||l_concat;43,1734314;1,553124905;40,03689957;1,624069095;0,188693002;133967;3,769298315
03:43,7;10;-;-;gat_cos||gin||gat_generalized_linear||skip||skip||skip||l_concat;43,54243469;1,488828063;40,77490997;1,618246317;0,187615899;133967;3,769298315
03:43,8;11;-;-;gat_cos||gin||gat_generalized_linear||skip||skip||skip||l_concat;43,54243469;1,407964468;42,31242371;1,580255508;0,184078141;133967;3,769298315
03:43,8;12;-;-;gat_cos||gin||gat_generalized_linear||skip||skip||skip||l_concat;46,49446487;1,342596173;40,03689957;1,50726676;0,201569303;133967;3,769298315
03:43,8;13;-;-;gat_cos||gin||gat_generalized_linear||skip||skip||skip||l_concat;54,98154831;1,40360117;42,61992645;1,431119561;0,260660829;133967;3,769298315
03:43,8;14;-;-;gat_cos||gin||gat_generalized_linear||skip||skip||skip||l_concat;45,01844788;1,495242357;47,72447968;1,564367414;0,205873561;133967;3,769298315
03:43,8;15;-;-;gat_cos||gin||gat_generalized_linear||skip||skip||skip||l_concat;58,48708344;1,276690364;41,57441711;1,529447317;0,338332607;133967;3,769298315
03:43,8;16;-;-;gat_cos||gin||gat_generalized_linear||skip||skip||skip||l_concat;51,29151154;1,391635895;51,96802139;1,374528289;0,308578279;133967;3,769298315
03:43,8;17;-;-;gat_cos||gin||gat_generalized_linear||skip||skip||skip||l_concat;55,7195549;1,348480701;47,35547638;1,414821029;0,326445622;133967;3,769298315
03:43,8;18;-;-;gat_cos||gin||gat_generalized_linear||skip||skip||skip||l_concat;59,04058838;1,217566729;49,20049286;1,385636806;0,356260869;133967;3,769298315
03:43,8;19;-;-;gat_cos||gin||gat_generalized_linear||skip||skip||skip||l_concat;57,93357849;1,290846348;54,98155212;1,273634553;0,32304258;133967;3,769298315
03:43,8;20;-;-;gat_cos||gin||gat_generalized_linear||skip||skip||skip||l_concat;64,20664215;1,136129737;54,36654663;1,274861455;0,386621805;133967;3,769298315
03:43,8;21;-;-;gat_cos||gin||gat_generalized_linear||skip||skip||skip||l_concat;61,25461197;1,095643997;58,0565834;1,26172173;0,416379103;133967;3,769298315
03:43,8;22;-;-;gat_cos||gin||gat_generalized_linear||skip||skip||skip||l_concat;64,57564545;1,018317819;56,33456421;1,254256487;0,377140367;133967;3,769298315
03:43,8;23;-;-;gat_cos||gin||gat_generalized_linear||skip||skip||skip||l_concat;57,01107025;1,089303493;55,22755432;1,151414752;0,34891164;133967;3,769298315
03:43,8;24;-;-;gat_cos||gin||gat_generalized_linear||skip||skip||skip||l_concat;61,80811691;1,074726462;56,7035675;1,142892957;0,401386173;133967;3,769298315
03:43,8;25;-;-;gat_cos||gin||gat_generalized_linear||skip||skip||skip||l_concat;68,08117676;0,98921591;58,36408615;1,231426477;0,421112702;133967;3,769298315
03:43,9;26;-;-;gat_cos||gin||gat_generalized_linear||skip||skip||skip||l_concat;68,45018005;0,9599033;63,09963226;1,109690547;0,466995097;133967;3,769298315
03:43,9;27;-;-;gat_cos||gin||gat_generalized_linear||skip||skip||skip||l_concat;65,68265533;0,877304912;62,54612732;1,077798009;0,398902894;133967;3,769298315
03:43,9;28;-;-;gat_cos||gin||gat_generalized_linear||skip||skip||skip||l_concat;64,94464874;0,883325279;62,42312622;1,017761469;0,422706533;133967;3,769298315
03:43,9;29;-;-;gat_cos||gin||gat_generalized_linear||skip||skip||skip||l_concat;68,08117676;0,918494463;61,62361908;1,030724525;0,464938199;133967;3,769298315
03:43,9;30;-;-;gat_cos||gin||gat_generalized_linear||skip||skip||skip||l_concat;66,05165863;0,853093803;63,96063995;1,032232761;0,398107066;133967;3,769298315
03:43,9;31;-;-;gat_cos||gin||gat_generalized_linear||skip||skip||skip||l_concat;69,37269592;0,823913515;64,3911438;0,951526165;0,416473542;133967;3,769298315
03:43,9;32;-;-;gat_cos||gin||gat_generalized_linear||skip||skip||skip||l_concat;68,45018005;0,828977704;64,76014709;0,915049076;0,454070031;133967;3,769298315
03:43,9;33;-;-;gat_cos||gin||gat_generalized_linear||skip||skip||skip||l_concat;70,47970581;0,876174212;63,96063995;0,99861151;0,527508198;133967;3,769298315
03:43,9;34;-;-;gat_cos||gin||gat_generalized_linear||skip||skip||skip||l_concat;71,2177124;0,825798571;65,31365204;0,996324658;0,439630232;133967;3,769298315
03:43,9;35;-;-;gat_cos||gin||gat_generalized_linear||skip||skip||skip||l_concat;65,86715698;0,90486294;67,89668274;0,908594131;0,402355808;133967;3,769298315
03:43,9;36;-;-;gat_cos||gin||gat_generalized_linear||skip||skip||skip||l_concat;59,77859497;1,015654445;64,2681427;1,102243543;0,377130094;133967;3,769298315
03:43,9;37;-;-;gat_cos||gin||gat_generalized_linear||skip||skip||skip||l_concat;71,03321075;0,893346786;60,63960648;1,041535258;0,539003586;133967;3,769298315
03:43,9;38;-;-;gat_cos||gin||gat_generalized_linear||skip||skip||skip||l_concat;70,29520416;0,917183757;61,13161087;1,128025293;0,527520573;133967;3,769298315
03:43,9;39;-;-;gat_cos||gin||gat_generalized_linear||skip||skip||skip||l_concat;70,84870911;1,032004118;65,62115479;0,938569605;0,497887876;133967;3,769298315
03:43,9;40;-;-;gat_cos||gin||gat_generalized_linear||skip||skip||skip||l_concat;63,2841301;0,978173494;64,57564545;1,236302257;0,438194205;133967;3,769298315
03:43,9;41;-;-;gat_cos||gin||gat_generalized_linear||skip||skip||skip||l_concat;62,17712021;0,980703652;63,22263336;1,041334271;0,473130631;133967;3,769298315
03:44,0;42;-;-;gat_cos||gin||gat_generalized_linear||skip||skip||skip||l_concat;72,87822723;0,8133021;61,19311142;1,050815701;0,602393311;133967;3,769298315
03:44,0;43;-;-;gat_cos||gin||gat_generalized_linear||skip||skip||skip||l_concat;76,56826782;0,776497781;69,00369263;0,914330542;0,603883304;133967;3,769298315
03:44,0;44;-;-;gat_cos||gin||gat_generalized_linear||skip||skip||skip||l_concat;73,98523712;0,96801883;72,44772339;0,801577985;0,553246329;133967;3,769298315
03:44,0;45;-;-;gat_cos||gin||gat_generalized_linear||skip||skip||skip||l_concat;77,85977936;0,689032018;68,38868713;1,22590363;0,614948135;133967;3,769298315
03:44,0;46;-;-;gat_cos||gin||gat_generalized_linear||skip||skip||skip||l_concat;70,11070251;0,840706825;71,8327179;0,844005406;0,571884391;133967;3,769298315
03:44,0;47;-;-;gat_cos||gin||gat_generalized_linear||skip||skip||skip||l_concat;73,98523712;0,85571897;66,29766083;0,963251829;0,600644496;133967;3,769298315
03:44,0;48;-;-;gat_cos||gin||gat_generalized_linear||skip||skip||skip||l_concat;75,46125031;0,818304539;69,31119537;0,918135703;0,618495052;133967;3,769298315
03:44,0;49;-;-;gat_cos||gin||gat_generalized_linear||skip||skip||skip||l_concat;78,96678925;0,686745882;72,01721954;0,82473892;0,626833395;133967;3,769298315
03:44,0;50;-;-;gat_cos||gin||gat_generalized_linear||skip||skip||skip||l_concat;76,93727112;0,67241919;73,55474091;0,755082726;0,611324499;133967;3,769298315
03:44,0;51;-;-;gat_cos||gin||gat_generalized_linear||skip||skip||skip||l_concat;76,01475525;0,712746263;70,84870911;0,795367718;0,612455716;133967;3,769298315
03:44,0;52;-;-;gat_cos||gin||gat_generalized_linear||skip||skip||skip||l_concat;80,07379913;0,744765162;74,0467453;0,765390158;0,64776696;133967;3,769298315
03:44,0;53;-;-;gat_cos||gin||gat_generalized_linear||skip||skip||skip||l_concat;80,62730408;0,770296752;76,81427002;0,703558028;0,657256776;133967;3,769298315
03:44,0;54;-;-;gat_cos||gin||gat_generalized_linear||skip||skip||skip||l_concat;79,88929749;0,721158624;77,12177277;0,741134584;0,650193582;133967;3,769298315
03:44,0;55;-;-;gat_cos||gin||gat_generalized_linear||skip||skip||skip||l_concat;76,1992569;0,714299917;79,02828979;0,651040852;0,631250791;133967;3,769298315
03:44,0;56;-;-;gat_cos||gin||gat_generalized_linear||skip||skip||skip||l_concat;80,07379913;0,625149965;76,13776398;0,665938318;0,653850085;133967;3,769298315
03:44,0;57;-;-;gat_cos||gin||gat_generalized_linear||skip||skip||skip||l_concat;80,25830078;0,618394375;77,98278046;0,631604612;0,651615662;133967;3,769298315
03:44,1;58;-;-;gat_cos||gin||gat_generalized_linear||skip||skip||skip||l_concat;80,99630737;0,614388168;77,61377716;0,627935648;0,660039591;133967;3,769298315
03:44,1;59;-;-;gat_cos||gin||gat_generalized_linear||skip||skip||skip||l_concat;82,10331726;0,620872974;80,07379913;0,58346194;0,665373607;133967;3,769298315
03:44,1;60;-;-;gat_cos||gin||gat_generalized_linear||skip||skip||skip||l_concat;81,73431396;0,663227379;81,2423172;0,584722936;0,67404791;133967;3,769298315
03:44,1;61;-;-;gat_cos||gin||gat_generalized_linear||skip||skip||skip||l_concat;81,91881561;0,675466537;81,18081665;0,672438025;0,691104299;133967;3,769298315
03:44,1;62;-;-;gat_cos||gin||gat_generalized_linear||skip||skip||skip||l_concat;82,6568222;0,648172855;82,34932709;0,556700706;0,677125124;133967;3,769298315
03:44,1;63;-;-;gat_cos||gin||gat_generalized_linear||skip||skip||skip||l_concat;82,6568222;0,619325221;81,54981995;0,556600034;0,708689985;133967;3,769298315
03:44,1;64;-;-;gat_cos||gin||gat_generalized_linear||skip||skip||skip||l_concat;80,99630737;0,636930645;80,996315;0,542483985;0,710324539;133967;3,769298315
03:44,1;65;-;-;gat_cos||gin||gat_generalized_linear||skip||skip||skip||l_concat;80,81180573;0,638678372;82,28782654;0,537763178;0,724809162;133967;3,769298315
03:44,1;66;-;-;gat_cos||gin||gat_generalized_linear||skip||skip||skip||l_concat;82,6568222;0,625916064;82,71833038;0,52944839;0,721687026;133967;3,769298315
03:44,1;67;-;-;gat_cos||gin||gat_generalized_linear||skip||skip||skip||l_concat;82,47232056;0,672737122;83,70233917;0,504044533;0,706412712;133967;3,769298315
03:44,1;68;-;-;gat_cos||gin||gat_generalized_linear||skip||skip||skip||l_concat;83,3948288;0,613182843;82,53382874;0,524830282;0,728196143;133967;3,769298315
03:44,1;69;-;-;gat_cos||gin||gat_generalized_linear||skip||skip||skip||l_concat;80,62730408;0,611553192;83,45633698;0,505162299;0,725315443;133967;3,769298315
03:44,1;70;-;-;gat_cos||gin||gat_generalized_linear||skip||skip||skip||l_concat;81,54981232;0,651032031;83,39483643;0,49674809;0,712870045;133967;3,769298315
03:44,1;71;-;-;gat_cos||gin||gat_generalized_linear||skip||skip||skip||l_concat;84,13284302;0,726731777;83,70233917;0,508362114;0,768012844;133967;3,769298315
03:44,1;72;-;-;gat_cos||gin||gat_generalized_linear||skip||skip||skip||l_concat;84,50184631;0,640137255;85,17835236;0,624656141;0,762880548;133967;3,769298315
03:44,1;73;-;-;gat_cos||gin||gat_generalized_linear||skip||skip||skip||l_concat;83,94834137;0,615531027;84,13284302;0,468854994;0,78008711;133967;3,769298315
03:44,2;74;-;-;gat_cos||gin||gat_generalized_linear||skip||skip||skip||l_concat;80,99630737;0,650209963;84,07134247;0,550316453;0,713596386;133967;3,769298315
03:44,2;75;-;-;gat_cos||gin||gat_generalized_linear||skip||skip||skip||l_concat;84,68634796;0,555715263;82,47232819;0,516699374;0,774751885;133967;3,769298315
03:44,2;76;-;-;gat_cos||gin||gat_generalized_linear||skip||skip||skip||l_concat;83,94834137;0,585939884;84,07134247;0,443378478;0,781083578;133967;3,769298315
03:44,2;77;-;-;gat_cos||gin||gat_generalized_linear||skip||skip||skip||l_concat;82,10331726;0,636723101;81,67282104;0,558285415;0,786620472;133967;3,769298315
03:44,2;78;-;-;gat_cos||gin||gat_generalized_linear||skip||skip||skip||l_concat;79,52029419;0,715770066;84,00984192;0,512509167;0,759628994;133967;3,769298315
03:44,2;79;-;-;gat_cos||gin||gat_generalized_linear||skip||skip||skip||l_concat;83,76383972;0,668225408;81,4883194;0,59230113;0,779644688;133967;3,769298315
03:44,2;80;-;-;gat_cos||gin||gat_generalized_linear||skip||skip||skip||l_concat;83,94834137;0,678213477;83,94834137;0,500493705;0,753120814;133967;3,769298315
03:44,2;81;-;-;gat_cos||gin||gat_generalized_linear||skip||skip||skip||l_concat;85,05535126;0,584621668;80,62731171;0,573061168;0,761350072;133967;3,769298315
03:44,2;82;-;-;gat_cos||gin||gat_generalized_linear||skip||skip||skip||l_concat;81,54981232;0,583195925;83,51783752;0,519170761;0,728674606;133967;3,769298315
03:44,2;83;-;-;gat_cos||gin||gat_generalized_linear||skip||skip||skip||l_concat;78,59778595;0,65589422;84,31734467;0,453025371;0,718844719;133967;3,769298315
03:44,2;84;-;-;gat_cos||gin||gat_generalized_linear||skip||skip||skip||l_concat;84,31734467;0,609229803;82,41082764;0,490534157;0,781016174;133967;3,769298315
03:44,2;85;-;-;gat_cos||gin||gat_generalized_linear||skip||skip||skip||l_concat;85,23985291;0,653201103;84,87084961;0,432600379;0,77509099;133967;3,769298315
03:44,2;86;-;-;gat_cos||gin||gat_generalized_linear||skip||skip||skip||l_concat;84,68634796;0,696954966;85,23985291;0,448763907;0,774651331;133967;3,769298315
03:44,2;87;-;-;gat_cos||gin||gat_generalized_linear||skip||skip||skip||l_concat;86,53136444;0,620691717;84,37884521;0,450987905;0,811018197;133967;3,769298315
03:44,2;88;-;-;gat_cos||gin||gat_generalized_linear||skip||skip||skip||l_concat;85,42435455;0,641785502;86,53136444;0,423453212;0,803486565;133967;3,769298315
03:44,2;89;-;-;gat_cos||gin||gat_generalized_linear||skip||skip||skip||l_concat;83,57933807;0,610005379;88,6838913;0,406595558;0,783627107;133967;3,769298315
03:44,2;90;-;-;gat_cos||gin||gat_generalized_linear||skip||skip||skip||l_concat;84,50184631;0,624860525;87,39237213;0,411459416;0,793426114;133967;3,769298315
03:44,3;91;-;-;gat_cos||gin||gat_generalized_linear||skip||skip||skip||l_concat;84,87084961;0,66088587;86,40836334;0,375375122;0,812161904;133967;3,769298315
03:44,3;92;-;-;gat_cos||gin||gat_generalized_linear||skip||skip||skip||l_concat;83,57933807;0,654865086;88,00738525;0,382814676;0,806823995;133967;3,769298315
03:44,3;93;-;-;gat_cos||gin||gat_generalized_linear||skip||skip||skip||l_concat;85,6088562;0,558823287;86,59286499;0,396600544;0,817702038;133967;3,769298315
03:44,3;94;-;-;gat_cos||gin||gat_generalized_linear||skip||skip||skip||l_concat;84,87084961;0,550769985;88,74539185;0,362009883;0,799289589;133967;3,769298315
03:44,3;95;-;-;gat_cos||gin||gat_generalized_linear||skip||skip||skip||l_concat;84,13284302;0,575847805;88,99139404;0,368838012;0,783115983;133967;3,769298315
03:44,3;96;-;-;gat_cos||gin||gat_generalized_linear||skip||skip||skip||l_concat;84,50184631;0,590935409;89,11439514;0,357467532;0,811648316;133967;3,769298315
03:44,3;97;-;-;gat_cos||gin||gat_generalized_linear||skip||skip||skip||l_concat;85,23985291;0,621499598;89,66790009;0,31978792;0,82947966;133967;3,769298315
03:44,3;98;-;-;gat_cos||gin||gat_generalized_linear||skip||skip||skip||l_concat;86,53136444;0,628052652;89,29889679;0,344762087;0,829529396;133967;3,769298315
03:44,3;99;-;-;gat_cos||gin||gat_generalized_linear||skip||skip||skip||l_concat;85,05535126;0,613921165;89,66790009;0,348725945;0,827717977;133967;3,769298315
03:44,3;100;-;-;gat_cos||gin||gat_generalized_linear||skip||skip||skip||l_concat;85,23985291;0,593767047;88,5608902;0,343238026;0,819770126;133967;3,769298315
03:44,3;101;-;-;gat_cos||gin||gat_generalized_linear||skip||skip||skip||l_concat;85,23985291;0,58883357;89,42189789;0,291854084;0,804189398;133967;3,769298315
03:44,3;102;-;-;gat_cos||gin||gat_generalized_linear||skip||skip||skip||l_concat;84,87084961;0,602576196;90,59040833;0,293581903;0,810261446;133967;3,769298315
03:44,3;103;-;-;gat_cos||gin||gat_generalized_linear||skip||skip||skip||l_concat;85,42435455;0,638688505;90,77490997;0,299206018;0,819561905;133967;3,769298315
03:44,3;104;-;-;gat_cos||gin||gat_generalized_linear||skip||skip||skip||l_concat;85,79335785;0,631298482;90,65190887;0,327949107;0,827989783;133967;3,769298315
03:44,3;105;-;-;gat_cos||gin||gat_generalized_linear||skip||skip||skip||l_concat;84,87084961;0,692037821;90,59040833;0,287014514;0,832900316;133967;3,769298315
03:44,3;106;-;-;gat_cos||gin||gat_generalized_linear||skip||skip||skip||l_concat;84,50184631;0,746714652;90,89791107;0,269715339;0,827744925;133967;3,769298315
03:44,3;107;-;-;gat_cos||gin||gat_generalized_linear||skip||skip||skip||l_concat;85,42435455;0,716230989;90,03690338;0,317620277;0,829222628;133967;3,769298315
03:44,4;108;-;-;gat_cos||gin||gat_generalized_linear||skip||skip||skip||l_concat;85,79335785;0,680778444;91,26691437;0,288074732;0,828007464;133967;3,769298315
03:44,4;109;-;-;gat_cos||gin||gat_generalized_linear||skip||skip||skip||l_concat;85,6088562;0,664451778;91,20541382;0,285724699;0,825691321;133967;3,769298315
03:44,4;110;-;-;gat_cos||gin||gat_generalized_linear||skip||skip||skip||l_concat;85,9778595;0,631786942;90,22140503;0,296150863;0,817742174;133967;3,769298315
03:44,4;111;-;-;gat_cos||gin||gat_generalized_linear||skip||skip||skip||l_concat;85,79335785;0,643058777;91,94342041;0,269627512;0,816205631;133967;3,769298315
03:44,4;112;-;-;gat_cos||gin||gat_generalized_linear||skip||skip||skip||l_concat;85,23985291;0,662734807;91,26691437;0,282661051;0,824370294;133967;3,769298315
03:44,4;113;-;-;gat_cos||gin||gat_generalized_linear||skip||skip||skip||l_concat;84,87084961;0,698399365;91,20541382;0,256804824;0,831269475;133967;3,769298315
03:44,4;114;-;-;gat_cos||gin||gat_generalized_linear||skip||skip||skip||l_concat;84,68634796;0,735967457;91,82041931;0,251449972;0,820470473;133967;3,769298315
03:44,4;115;-;-;gat_cos||gin||gat_generalized_linear||skip||skip||skip||l_concat;84,87084961;0,743140638;92,61992645;0,24596785;0,817681287;133967;3,769298315
03:44,4;116;-;-;gat_cos||gin||gat_generalized_linear||skip||skip||skip||l_concat;85,79335785;0,692861378;91,02091217;0,281861454;0,831351466;133967;3,769298315
03:44,4;117;-;-;gat_cos||gin||gat_generalized_linear||skip||skip||skip||l_concat;85,79335785;0,661561966;91,63591766;0,271179795;0,832986603;133967;3,769298315
03:44,4;118;-;-;gat_cos||gin||gat_generalized_linear||skip||skip||skip||l_concat;84,87084961;0,669417024;92,4354248;0,240546077;0,833880158;133967;3,769298315
03:44,4;119;-;-;gat_cos||gin||gat_generalized_linear||skip||skip||skip||l_concat;84,87084961;0,675081909;91,57441711;0,238581017;0,832185876;133967;3,769298315
03:44,4;120;-;-;gat_cos||gin||gat_generalized_linear||skip||skip||skip||l_concat;85,79335785;0,683626115;91,14391327;0,276973248;0,83987149;133967;3,769298315
03:44,4;121;-;-;gat_cos||gin||gat_generalized_linear||skip||skip||skip||l_concat;85,42435455;0,726952255;92,8044281;0,226556405;0,83807762;133967;3,769298315
03:44,4;122;-;-;gat_cos||gin||gat_generalized_linear||skip||skip||skip||l_concat;85,6088562;0,750881195;93,72693634;0,222936749;0,832454371;133967;3,769298315
03:44,4;123;-;-;gat_cos||gin||gat_generalized_linear||skip||skip||skip||l_concat;85,23985291;0,784798801;93,66543579;0,212346956;0,825419163;133967;3,769298315
03:44,4;124;-;-;gat_cos||gin||gat_generalized_linear||skip||skip||skip||l_concat;84,68634796;0,812312067;92,4354248;0,22064051;0,828000052;133967;3,769298315
03:44,5;125;-;-;gat_cos||gin||gat_generalized_linear||skip||skip||skip||l_concat;85,9778595;0,746787548;92,25092316;0,268516183;0,834670742;133967;3,769298315
03:44,5;126;-;-;gat_cos||gin||gat_generalized_linear||skip||skip||skip||l_concat;85,6088562;0,71599108;94,40344238;0,211401433;0,835809458;133967;3,769298315
03:44,5;127;-;-;gat_cos||gin||gat_generalized_linear||skip||skip||skip||l_concat;85,05535126;0,707780063;92,86592865;0,218614608;0,826557851;133967;3,769298315
03:44,5;128;-;-;gat_cos||gin||gat_generalized_linear||skip||skip||skip||l_concat;85,23985291;0,713406146;92,8044281;0,236060604;0,830640118;133967;3,769298315
03:44,5;129;-;-;gat_cos||gin||gat_generalized_linear||skip||skip||skip||l_concat;85,42435455;0,728604078;93,35793304;0,217831343;0,829611144;133967;3,769298315
03:44,5;130;-;-;gat_cos||gin||gat_generalized_linear||skip||skip||skip||l_concat;85,23985291;0,740802169;91,88191986;0,263738364;0,823912656;133967;3,769298315
03:44,5;131;-;-;gat_cos||gin||gat_generalized_linear||skip||skip||skip||l_concat;85,05535126;0,797880113;94,03443909;0,201222211;0,82079785;133967;3,769298315
03:44,5;132;-;-;gat_cos||gin||gat_generalized_linear||skip||skip||skip||l_concat;84,50184631;0,845040321;93,60393524;0,187487572;0,82486766;133967;3,769298315
03:44,5;133;-;-;gat_cos||gin||gat_generalized_linear||skip||skip||skip||l_concat;84,87084961;0,828906655;93,2964325;0,22713238;0,831862069;133967;3,769298315
03:44,5;134;-;-;gat_cos||gin||gat_generalized_linear||skip||skip||skip||l_concat;85,42435455;0,809498966;94,46495056;0,18638128;0,832005167;133967;3,769298315
03:44,5;135;-;-;gat_cos||gin||gat_generalized_linear||skip||skip||skip||l_concat;85,23985291;0,805074751;93,66543579;0,209892184;0,824656089;133967;3,769298315
03:44,5;136;-;-;gat_cos||gin||gat_generalized_linear||skip||skip||skip||l_concat;85,05535126;0,795373797;93,1734314;0,204202652;0,82370118;133967;3,769298315
03:44,5;137;-;-;gat_cos||gin||gat_generalized_linear||skip||skip||skip||l_concat;85,79335785;0,767061532;92,98892975;0,211738244;0,833873328;133967;3,769298315
03:44,5;138;-;-;gat_cos||gin||gat_generalized_linear||skip||skip||skip||l_concat;84,68634796;0,803371668;95,07995605;0,176113531;0,830151246;133967;3,769298315
03:44,5;139;-;-;gat_cos||gin||gat_generalized_linear||skip||skip||skip||l_concat;84,50184631;0,852241099;94,21894073;0,185645595;0,82705453;133967;3,769298315
03:44,5;140;-;-;gat_cos||gin||gat_generalized_linear||skip||skip||skip||l_concat;84,87084961;0,82456845;93,35793304;0,206894353;0,836071079;133967;3,769298315
03:44,5;141;-;-;gat_cos||gin||gat_generalized_linear||skip||skip||skip||l_concat;84,68634796;0,830313265;94,40344238;0,180854633;0,827145252;133967;3,769298315
03:44,6;142;-;-;gat_cos||gin||gat_generalized_linear||skip||skip||skip||l_concat;83,94834137;0,818861127;94,03443909;0,209343269;0,831773708;133967;3,769298315
03:44,6;143;-;-;gat_cos||gin||gat_generalized_linear||skip||skip||skip||l_concat;86,16236115;0,797635376;94,64945221;0,186212838;0,835465093;133967;3,769298315
03:44,6;144;-;-;gat_cos||gin||gat_generalized_linear||skip||skip||skip||l_concat;85,79335785;0,821325839;95,2644577;0,165950775;0,828681999;133967;3,769298315
03:44,6;145;-;-;gat_cos||gin||gat_generalized_linear||skip||skip||skip||l_concat;85,23985291;0,825316072;94,34194183;0,19916302;0,830975212;133967;3,769298315
03:44,6;146;-;-;gat_cos||gin||gat_generalized_linear||skip||skip||skip||l_concat;84,50184631;0,813558161;94,03443909;0,193571389;0,833564613;133967;3,769298315
03:44,6;147;-;-;gat_cos||gin||gat_generalized_linear||skip||skip||skip||l_concat;84,87084961;0,803111672;94,89545441;0,175066903;0,833159447;133967;3,769298315
03:44,6;148;-;-;gat_cos||gin||gat_generalized_linear||skip||skip||skip||l_concat;84,13284302;0,803931534;94,40344238;0,185620189;0,833171276;133967;3,769298315
03:44,6;149;-;-;gat_cos||gin||gat_generalized_linear||skip||skip||skip||l_concat;84,50184631;0,807101667;95,1414566;0,169576481;0,832538429;133967;3,769298315
03:44,6;150;-;-;gat_cos||gin||gat_generalized_linear||skip||skip||skip||l_concat;83,76383972;0,787483275;94,28044128;0,195403665;0,831687752;133967;3,769298315
03:44,6;151;-;-;gat_cos||gin||gat_generalized_linear||skip||skip||skip||l_concat;84,50184631;0,778393447;94,89545441;0,183574498;0,831795269;133967;3,769298315
03:44,6;152;-;-;gat_cos||gin||gat_generalized_linear||skip||skip||skip||l_concat;85,05535126;0,766309917;94,64945221;0,192579508;0,830096191;133967;3,769298315
03:44,6;153;-;-;gat_cos||gin||gat_generalized_linear||skip||skip||skip||l_concat;85,23985291;0,765675187;94,83395386;0,182706729;0,833083142;133967;3,769298315
03:44,6;154;-;-;gat_cos||gin||gat_generalized_linear||skip||skip||skip||l_concat;85,23985291;0,764323592;95,94096375;0,154311001;0,835568843;133967;3,769298315
03:44,6;155;-;-;gat_cos||gin||gat_generalized_linear||skip||skip||skip||l_concat;85,05535126;0,771491528;94,58795166;0,155538216;0,833791342;133967;3,769298315
03:44,6;156;-;-;gat_cos||gin||gat_generalized_linear||skip||skip||skip||l_concat;85,23985291;0,786364257;95,32595825;0,155213505;0,8429233;133967;3,769298315
03:44,6;157;-;-;gat_cos||gin||gat_generalized_linear||skip||skip||skip||l_concat;85,23985291;0,815965533;96,00246429;0,149045289;0,835998766;133967;3,769298315
03:44,6;158;-;-;gat_cos||gin||gat_generalized_linear||skip||skip||skip||l_concat;85,23985291;0,841413915;95,5104599;0,144224137;0,838178493;133967;3,769298315
03:44,6;159;-;-;gat_cos||gin||gat_generalized_linear||skip||skip||skip||l_concat;85,23985291;0,841575027;95,1414566;0,157340601;0,838270398;133967;3,769298315
03:44,7;160;-;-;gat_cos||gin||gat_generalized_linear||skip||skip||skip||l_concat;85,05535126;0,813698947;95,01845551;0,16987887;0,836983615;133967;3,769298315
03:44,7;161;-;-;gat_cos||gin||gat_generalized_linear||skip||skip||skip||l_concat;85,23985291;0,810019612;95,1414566;0,145060465;0,840624696;133967;3,769298315
03:44,7;162;-;-;gat_cos||gin||gat_generalized_linear||skip||skip||skip||l_concat;85,6088562;0,811750472;94,77245331;0,168430373;0,839294415;133967;3,769298315
03:44,7;163;-;-;gat_cos||gin||gat_generalized_linear||skip||skip||skip||l_concat;84,50184631;0,837196469;95,01845551;0,167730689;0,839452907;133967;3,769298315
03:44,7;164;-;-;gat_cos||gin||gat_generalized_linear||skip||skip||skip||l_concat;84,87084961;0,849043071;94,77245331;0,170510739;0,835706886;133967;3,769298315
03:44,7;165;-;-;gat_cos||gin||gat_generalized_linear||skip||skip||skip||l_concat;85,05535126;0,84829843;95,81796265;0,13307032;0,832766473;133967;3,769298315
03:44,7;166;-;-;gat_cos||gin||gat_generalized_linear||skip||skip||skip||l_concat;84,87084961;0,821825325;95,44895935;0,156090632;0,837134103;133967;3,769298315
03:44,7;167;-;-;gat_cos||gin||gat_generalized_linear||skip||skip||skip||l_concat;85,42435455;0,800849259;95,8794632;0,141236633;0,838228179;133967;3,769298315
03:44,7;168;-;-;gat_cos||gin||gat_generalized_linear||skip||skip||skip||l_concat;85,23985291;0,808225393;95,32595825;0,138428643;0,83606527;133967;3,769298315
03:44,7;169;-;-;gat_cos||gin||gat_generalized_linear||skip||skip||skip||l_concat;85,23985291;0,823423743;96,06396484;0,142541975;0,829122725;133967;3,769298315
03:44,7;170;-;-;gat_cos||gin||gat_generalized_linear||skip||skip||skip||l_concat;85,42435455;0,865242183;95,81796265;0,13249521;0,841705129;133967;3,769298315
03:44,7;171;-;-;gat_cos||gin||gat_generalized_linear||skip||skip||skip||l_concat;84,87084961;0,93845576;96,06396484;0,128962129;0,839675066;133967;3,769298315
03:44,7;172;-;-;gat_cos||gin||gat_generalized_linear||skip||skip||skip||l_concat;85,6088562;0,907161772;95,81796265;0,154166088;0,837595202;133967;3,769298315
03:44,7;173;-;-;gat_cos||gin||gat_generalized_linear||skip||skip||skip||l_concat;85,23985291;0,87626797;95,7564621;0,129650593;0,84455392;133967;3,769298315
03:44,7;174;-;-;gat_cos||gin||gat_generalized_linear||skip||skip||skip||l_concat;84,87084961;0,868728042;96,18696594;0,132282034;0,841191037;133967;3,769298315
03:44,7;175;-;-;gat_cos||gin||gat_generalized_linear||skip||skip||skip||l_concat;84,50184631;0,857714832;95,1414566;0,173351914;0,83515641;133967;3,769298315
03:44,7;176;-;-;gat_cos||gin||gat_generalized_linear||skip||skip||skip||l_concat;84,87084961;0,848786891;95,3874588;0,149984747;0,829673129;133967;3,769298315
03:44,8;177;-;-;gat_cos||gin||gat_generalized_linear||skip||skip||skip||l_concat;84,68634796;0,85612005;96,30996704;0,130453363;0,838149971;133967;3,769298315
03:44,8;178;-;-;gat_cos||gin||gat_generalized_linear||skip||skip||skip||l_concat;84,50184631;0,861741066;95,94096375;0,125132769;0,837053472;133967;3,769298315
03:44,8;179;-;-;gat_cos||gin||gat_generalized_linear||skip||skip||skip||l_concat;84,50184631;0,824407637;95,5104599;0,157898977;0,837096083;133967;3,769298315
03:44,8;180;-;-;gat_cos||gin||gat_generalized_linear||skip||skip||skip||l_concat;85,23985291;0,800808489;96,00246429;0,128618792;0,844144555;133967;3,769298315
03:44,8;181;-;-;gat_cos||gin||gat_generalized_linear||skip||skip||skip||l_concat;84,68634796;0,802201807;95,94096375;0,146372899;0,838966019;133967;3,769298315
03:44,8;182;-;-;gat_cos||gin||gat_generalized_linear||skip||skip||skip||l_concat;84,87084961;0,807475626;95,81796265;0,136903197;0,837362384;133967;3,769298315
03:44,8;183;-;-;gat_cos||gin||gat_generalized_linear||skip||skip||skip||l_concat;84,68634796;0,827409029;95,5104599;0,146267921;0,839699916;133967;3,769298315
03:44,8;184;-;-;gat_cos||gin||gat_generalized_linear||skip||skip||skip||l_concat;84,50184631;0,870939553;96,24846649;0,12833786;0,837815273;133967;3,769298315
03:44,8;185;-;-;gat_cos||gin||gat_generalized_linear||skip||skip||skip||l_concat;84,68634796;0,876838684;94,83395386;0,167247728;0,838671277;133967;3,769298315
03:44,8;186;-;-;gat_cos||gin||gat_generalized_linear||skip||skip||skip||l_concat;84,68634796;0,861775696;95,633461;0,135014027;0,837742149;133967;3,769298315
03:44,8;187;-;-;gat_cos||gin||gat_generalized_linear||skip||skip||skip||l_concat;85,05535126;0,869891167;95,7564621;0,1313335;0,845523998;133967;3,769298315
03:44,8;188;-;-;gat_cos||gin||gat_generalized_linear||skip||skip||skip||l_concat;84,87084961;0,894380033;95,8794632;0,138447657;0,838350878;133967;3,769298315
03:44,8;189;-;-;gat_cos||gin||gat_generalized_linear||skip||skip||skip||l_concat;84,87084961;0,914207458;96,12546539;0,121023163;0,838350878;133967;3,769298315
03:44,8;190;-;-;gat_cos||gin||gat_generalized_linear||skip||skip||skip||l_concat;84,68634796;0,910306156;95,81796265;0,142737791;0,846343581;133967;3,769298315
03:44,8;191;-;-;gat_cos||gin||gat_generalized_linear||skip||skip||skip||l_concat;84,68634796;0,917048573;96,12546539;0,12411578;0,847970792;133967;3,769298315
03:44,8;192;-;-;gat_cos||gin||gat_generalized_linear||skip||skip||skip||l_concat;84,50184631;0,930190921;96,30996704;0,108841635;0,841286432;133967;3,769298315
03:44,8;193;-;-;gat_cos||gin||gat_generalized_linear||skip||skip||skip||l_concat;84,68634796;0,924419343;96,00246429;0,127117246;0,841463856;133967;3,769298315
03:44,9;194;-;-;gat_cos||gin||gat_generalized_linear||skip||skip||skip||l_concat;85,23985291;0,898013949;96,37146759;0,114946187;0,842440639;133967;3,769298315
03:44,9;195;-;-;gat_cos||gin||gat_generalized_linear||skip||skip||skip||l_concat;85,42435455;0,869660914;95,94096375;0,123284951;0,839423017;133967;3,769298315
03:44,9;196;-;-;gat_cos||gin||gat_generalized_linear||skip||skip||skip||l_concat;84,13284302;0,855306208;95,8794632;0,131299764;0,837788242;133967;3,769298315
03:44,9;197;-;-;gat_cos||gin||gat_generalized_linear||skip||skip||skip||l_concat;83,76383972;0,84403336;96,00246429;0,127075642;0,843684309;133967;3,769298315
03:44,9;198;-;-;gat_cos||gin||gat_generalized_linear||skip||skip||skip||l_concat;84,31734467;0,84851706;96,37146759;0,117285497;0,841491519;133967;3,769298315
03:44,9;199;-;-;gat_cos||gin||gat_generalized_linear||skip||skip||skip||l_concat;84,87084961;0,849236012;95,5104599;0,147084147;0,843344834;133967;3,769298315
03:44,9;200;-;-;gat_cos||gin||gat_generalized_linear||skip||skip||skip||l_concat;84,68634796;0,846103132;96,18696594;0,126103893;0,838694281;133967;3,769298315
03:44,9;201;-;-;gat_cos||gin||gat_generalized_linear||skip||skip||skip||l_concat;84,87084961;0,843185067;96,80197144;0,102027789;0,83586992;133967;3,769298315
03:44,9;202;-;-;gat_cos||gin||gat_generalized_linear||skip||skip||skip||l_concat;84,68634796;0,837083578;96,30996704;0,1127472;0,830895678;133967;3,769298315
03:44,9;203;-;-;gat_cos||gin||gat_generalized_linear||skip||skip||skip||l_concat;84,87084961;0,834147632;96,12546539;0,132907063;0,831445616;133967;3,769298315
03:44,9;204;-;-;gat_cos||gin||gat_generalized_linear||skip||skip||skip||l_concat;85,42435455;0,834284365;96,49446869;0,116261989;0,834744739;133967;3,769298315
03:44,9;205;-;-;gat_cos||gin||gat_generalized_linear||skip||skip||skip||l_concat;85,23985291;0,846365035;96,30996704;0,13280879;0,842033828;133967;3,769298315
03:44,9;206;-;-;gat_cos||gin||gat_generalized_linear||skip||skip||skip||l_concat;85,23985291;0,863608062;96,49446869;0,119009234;0,839813904;133967;3,769298315
03:44,9;207;-;-;gat_cos||gin||gat_generalized_linear||skip||skip||skip||l_concat;84,50184631;0,87709558;96,61746979;0,110352077;0,841017539;133967;3,769298315
03:44,9;208;-;-;gat_cos||gin||gat_generalized_linear||skip||skip||skip||l_concat;85,23985291;0,87864399;96,49446869;0,119440317;0,843717271;133967;3,769298315
03:44,9;209;-;-;gat_cos||gin||gat_generalized_linear||skip||skip||skip||l_concat;85,05535126;0,887557387;96,43296814;0,106627561;0,840576823;133967;3,769298315
03:44,9;210;-;-;gat_cos||gin||gat_generalized_linear||skip||skip||skip||l_concat;85,23985291;0,890784204;96,55596924;0,114785351;0,836380543;133967;3,769298315
03:45,0;211;-;-;gat_cos||gin||gat_generalized_linear||skip||skip||skip||l_concat;84,87084961;0,896776617;95,633461;0,125970319;0,83538045;133967;3,769298315
03:45,0;212;-;-;gat_cos||gin||gat_generalized_linear||skip||skip||skip||l_concat;84,87084961;0,917647362;96,92497253;0,103955887;0,835567842;133967;3,769298315
03:45,0;213;-;-;gat_cos||gin||gat_generalized_linear||skip||skip||skip||l_concat;85,05535126;0,940648258;96,80197144;0,101321116;0,833727423;133967;3,769298315
03:45,0;214;-;-;gat_cos||gin||gat_generalized_linear||skip||skip||skip||l_concat;85,05535126;0,95918417;96,74047089;0,107167184;0,837046674;133967;3,769298315
03:45,0;215;-;-;gat_cos||gin||gat_generalized_linear||skip||skip||skip||l_concat;84,87084961;0,964083493;96,92497253;0,097601548;0,836239034;133967;3,769298315
03:45,0;216;-;-;gat_cos||gin||gat_generalized_linear||skip||skip||skip||l_concat;84,31734467;0,961288512;97,04797363;0,109664217;0,841439119;133967;3,769298315
03:45,0;217;-;-;gat_cos||gin||gat_generalized_linear||skip||skip||skip||l_concat;84,50184631;0,95298332;96,00246429;0,119573548;0,84077073;133967;3,769298315
03:45,0;218;-;-;gat_cos||gin||gat_generalized_linear||skip||skip||skip||l_concat;84,68634796;0,943393052;96,74047089;0,11354854;0,845371597;133967;3,769298315
03:45,0;219;-;-;gat_cos||gin||gat_generalized_linear||skip||skip||skip||l_concat;85,23985291;0,937721908;95,7564621;0,137769714;0,840600231;133967;3,769298315
03:45,0;220;-;-;gat_cos||gin||gat_generalized_linear||skip||skip||skip||l_concat;85,05535126;0,941300213;96,61746979;0,119489618;0,838616485;133967;3,769298315
03:45,0;221;-;-;gat_cos||gin||gat_generalized_linear||skip||skip||skip||l_concat;84,87084961;0,930208921;96,30996704;0,117090486;0,84235792;133967;3,769298315
03:45,0;222;-;-;gat_cos||gin||gat_generalized_linear||skip||skip||skip||l_concat;84,68634796;0,925036132;96,37146759;0,116364613;0,841052881;133967;3,769298315
03:45,0;223;-;-;gat_cos||gin||gat_generalized_linear||skip||skip||skip||l_concat;84,31734467;0,920480371;97,35547638;0,088634908;0,850686437;133967;3,769298315
03:45,0;224;-;-;gat_cos||gin||gat_generalized_linear||skip||skip||skip||l_concat;84,13284302;0,912672043;96,61746979;0,113959566;0,848673021;133967;3,769298315
03:45,0;225;-;-;gat_cos||gin||gat_generalized_linear||skip||skip||skip||l_concat;84,31734467;0,906048417;97,10947418;0,091852695;0,853995304;133967;3,769298315
03:45,0;226;-;-;gat_cos||gin||gat_generalized_linear||skip||skip||skip||l_concat;84,13284302;0,908660293;96,98647308;0,10316436;0,846276334;133967;3,769298315
03:45,0;227;-;-;gat_cos||gin||gat_generalized_linear||skip||skip||skip||l_concat;84,87084961;0,920013249;96,55596924;0,108768255;0,845397701;133967;3,769298315
03:45,1;228;-;-;gat_cos||gin||gat_generalized_linear||skip||skip||skip||l_concat;84,50184631;0,945074201;97,10947418;0,106597319;0,845278881;133967;3,769298315
03:45,1;229;-;-;gat_cos||gin||gat_generalized_linear||skip||skip||skip||l_concat;84,50184631;0,966265142;96,67897034;0,12084832;0,839571325;133967;3,769298315
03:45,1;230;-;-;gat_cos||gin||gat_generalized_linear||skip||skip||skip||l_concat;84,50184631;0,98486799;97,35547638;0,088096268;0,841773037;133967;3,769298315
03:45,1;231;-;-;gat_cos||gin||gat_generalized_linear||skip||skip||skip||l_concat;84,50184631;0,987745583;96,80197144;0,104008198;0,844295709;133967;3,769298315
03:45,1;232;-;-;gat_cos||gin||gat_generalized_linear||skip||skip||skip||l_concat;84,50184631;1,001580954;96,98647308;0,098600447;0,838479451;133967;3,769298315
03:45,1;233;-;-;gat_cos||gin||gat_generalized_linear||skip||skip||skip||l_concat;84,50184631;1,017359376;96,74047089;0,106631383;0,840028698;133967;3,769298315
03:45,1;234;-;-;gat_cos||gin||gat_generalized_linear||skip||skip||skip||l_concat;84,50184631;1,01864934;97,10947418;0,101464629;0,845666103;133967;3,769298315
03:45,1;235;-;-;gat_cos||gin||gat_generalized_linear||skip||skip||skip||l_concat;84,68634796;1,024408937;97,10947418;0,098042712;0,84739126;133967;3,769298315
03:45,1;236;-;-;gat_cos||gin||gat_generalized_linear||skip||skip||skip||l_concat;84,68634796;1,044393897;97,04797363;0,100601837;0,853596925;133967;3,769298315
03:45,1;237;-;-;gat_cos||gin||gat_generalized_linear||skip||skip||skip||l_concat;84,50184631;1,067916989;96,98647308;0,09748067;0,848467995;133967;3,769298315
03:45,1;238;-;-;gat_cos||gin||gat_generalized_linear||skip||skip||skip||l_concat;84,50184631;1,03675127;96,00246429;0,129960865;0,851964265;133967;3,769298315
03:45,1;239;-;-;gat_cos||gin||gat_generalized_linear||skip||skip||skip||l_concat;84,87084961;1,00235343;96,30996704;0,122621231;0,833025706;133967;3,769298315
03:45,1;240;-;-;gat_cos||gin||gat_generalized_linear||skip||skip||skip||l_concat;85,23985291;0,971835315;96,61746979;0,107723579;0,835495892;133967;3,769298315
03:45,1;241;-;-;gat_cos||gin||gat_generalized_linear||skip||skip||skip||l_concat;85,05535126;0,925395966;96,98647308;0,117166936;0,839242386;133967;3,769298315
03:45,1;242;-;-;gat_cos||gin||gat_generalized_linear||skip||skip||skip||l_concat;84,68634796;0,89982605;97,23247528;0,096869312;0,831282935;133967;3,769298315
03:45,1;243;-;-;gat_cos||gin||gat_generalized_linear||skip||skip||skip||l_concat;83,94834137;0,889382303;96,98647308;0,106870644;0,832312194;133967;3,769298315
03:45,1;244;-;-;gat_cos||gin||gat_generalized_linear||skip||skip||skip||l_concat;83,94834137;0,887050986;97,23247528;0,096300416;0,834363643;133967;3,769298315
03:45,2;245;-;-;gat_cos||gin||gat_generalized_linear||skip||skip||skip||l_concat;84,87084961;0,864594162;95,7564621;0,125371367;0,837971937;133967;3,769298315
03:45,2;246;-;-;gat_cos||gin||gat_generalized_linear||skip||skip||skip||l_concat;84,68634796;0,867962778;96,55596924;0,108444102;0,833531406;133967;3,769298315
03:45,2;247;-;-;gat_cos||gin||gat_generalized_linear||skip||skip||skip||l_concat;84,87084961;0,888528287;97,17097473;0,096220002;0,836800681;133967;3,769298315
03:45,2;248;-;-;gat_cos||gin||gat_generalized_linear||skip||skip||skip||l_concat;85,05535126;0,917690873;97,35547638;0,094250828;0,839736177;133967;3,769298315
03:45,2;249;-;-;gat_cos||gin||gat_generalized_linear||skip||skip||skip||l_concat;84,50184631;0,925696731;96,74047089;0,115898266;0,84449088;133967;3,769298315
03:45,2;250;-;-;gat_cos||gin||gat_generalized_linear||skip||skip||skip||l_concat;84,13284302;0,930002153;96,67897034;0,116848528;0,847464702;133967;3,769298315
03:45,2;251;-;-;gat_cos||gin||gat_generalized_linear||skip||skip||skip||l_concat;84,31734467;0,932603478;97,72447968;0,078302212;0,848871962;133967;3,769298315
03:45,2;252;-;-;gat_cos||gin||gat_generalized_linear||skip||skip||skip||l_concat;84,68634796;0,939423621;96,49446869;0,104096733;0,845783394;133967;3,769298315
03:45,2;253;-;-;gat_cos||gin||gat_generalized_linear||skip||skip||skip||l_concat;84,87084961;0,951134264;96,55596924;0,105471633;0,836170736;133967;3,769298315
03:45,2;254;-;-;gat_cos||gin||gat_generalized_linear||skip||skip||skip||l_concat;84,87084961;0,97517693;97,84748077;0,085178137;0,834736743;133967;3,769298315
03:45,2;255;-;-;gat_cos||gin||gat_generalized_linear||skip||skip||skip||l_concat;84,68634796;0,990089118;96,80197144;0,100241527;0,83648019;133967;3,769298315
03:45,2;256;-;-;gat_cos||gin||gat_generalized_linear||skip||skip||skip||l_concat;84,31734467;0,99978447;96,80197144;0,106993087;0,848091498;133967;3,769298315
03:45,2;257;-;-;gat_cos||gin||gat_generalized_linear||skip||skip||skip||l_concat;84,31734467;1,003051162;96,86347198;0,100876622;0,850852046;133967;3,769298315
03:45,2;258;-;-;gat_cos||gin||gat_generalized_linear||skip||skip||skip||l_concat;84,31734467;0,995988488;96,61746979;0,107367389;0,853506839;133967;3,769298315
03:45,2;259;-;-;gat_cos||gin||gat_generalized_linear||skip||skip||skip||l_concat;84,50184631;0,980578423;97,17097473;0,095604993;0,838217705;133967;3,769298315
03:45,2;260;-;-;gat_cos||gin||gat_generalized_linear||skip||skip||skip||l_concat;85,05535126;0,977968335;96,30996704;0,105562076;0,842194627;133967;3,769298315
03:45,2;261;-;-;gat_cos||gin||gat_generalized_linear||skip||skip||skip||l_concat;84,50184631;0,977001131;97,10947418;0,103617512;0,837366795;133967;3,769298315
03:45,2;262;-;-;gat_cos||gin||gat_generalized_linear||skip||skip||skip||l_concat;83,76383972;0,98116976;96,92497253;0,098040171;0,836382768;133967;3,769298315
03:45,3;263;-;-;gat_cos||gin||gat_generalized_linear||skip||skip||skip||l_concat;84,31734467;0,99549669;96,86347198;0,099793144;0,835968053;133967;3,769298315
03:45,3;264;-;-;gat_cos||gin||gat_generalized_linear||skip||skip||skip||l_concat;84,31734467;1,002802491;96,98647308;0,090499453;0,836285523;133967;3,769298315
03:45,3;265;-;-;gat_cos||gin||gat_generalized_linear||skip||skip||skip||l_concat;84,13284302;0,992284894;96,92497253;0,107864566;0,834815035;133967;3,769298315
03:45,3;266;-;-;gat_cos||gin||gat_generalized_linear||skip||skip||skip||l_concat;84,13284302;0,97565484;97,10947418;0,101947196;0,836713956;133967;3,769298315
03:45,3;267;-;-;gat_cos||gin||gat_generalized_linear||skip||skip||skip||l_concat;84,68634796;0,968842208;97,35547638;0,091731653;0,832118539;133967;3,769298315
03:45,3;268;-;-;gat_cos||gin||gat_generalized_linear||skip||skip||skip||l_concat;85,05535126;0,978126764;96,98647308;0,097266071;0,837448202;133967;3,769298315
03:45,3;269;-;-;gat_cos||gin||gat_generalized_linear||skip||skip||skip||l_concat;84,87084961;0,989855886;97,04797363;0,108248711;0,831790577;133967;3,769298315
03:45,3;270;-;-;gat_cos||gin||gat_generalized_linear||skip||skip||skip||l_concat;83,94834137;0,99115026;97,04797363;0,095857896;0,842305563;133967;3,769298315
03:45,3;271;-;-;gat_cos||gin||gat_generalized_linear||skip||skip||skip||l_concat;83,76383972;0,992230833;96,86347198;0,098970361;0,834881203;133967;3,769298315
03:45,3;272;-;-;gat_cos||gin||gat_generalized_linear||skip||skip||skip||l_concat;83,76383972;0,984869242;97,53997803;0,084120281;0,832594489;133967;3,769298315
03:45,3;273;-;-;gat_cos||gin||gat_generalized_linear||skip||skip||skip||l_concat;83,76383972;0,979495466;97,10947418;0,096124001;0,831731304;133967;3,769298315
03:45,3;274;-;-;gat_cos||gin||gat_generalized_linear||skip||skip||skip||l_concat;84,13284302;0,96722132;96,55596924;0,109607361;0,835742304;133967;3,769298315
03:45,3;275;-;-;gat_cos||gin||gat_generalized_linear||skip||skip||skip||l_concat;84,50184631;0,970417678;96,43296814;0,105455257;0,831855257;133967;3,769298315
03:45,3;276;-;-;gat_cos||gin||gat_generalized_linear||skip||skip||skip||l_concat;84,50184631;0,982675612;97,60147858;0,088346243;0,827472089;133967;3,769298315
03:45,3;277;-;-;gat_cos||gin||gat_generalized_linear||skip||skip||skip||l_concat;84,87084961;0,982607543;97,17097473;0,092134245;0,827472089;133967;3,769298315
03:45,3;278;-;-;gat_cos||gin||gat_generalized_linear||skip||skip||skip||l_concat;84,87084961;0,986569881;97,53997803;0,080480285;0,836191387;133967;3,769298315
03:45,4;279;-;-;gat_cos||gin||gat_generalized_linear||skip||skip||skip||l_concat;84,31734467;0,985588372;97,29397583;0,087606505;0,841267493;133967;3,769298315
03:45,4;280;-;-;gat_cos||gin||gat_generalized_linear||skip||skip||skip||l_concat;84,50184631;0,989502192;97,35547638;0,083565548;0,839525945;133967;3,769298315
03:45,4;281;-;-;gat_cos||gin||gat_generalized_linear||skip||skip||skip||l_concat;84,87084961;0,988133609;97,29397583;0,086009957;0,842636724;133967;3,769298315
03:45,4;282;-;-;gat_cos||gin||gat_generalized_linear||skip||skip||skip||l_concat;84,87084961;0,98722136;97,72447968;0,074005164;0,843220125;133967;3,769298315
03:45,4;283;-;-;gat_cos||gin||gat_generalized_linear||skip||skip||skip||l_concat;84,68634796;0,99634397;97,72447968;0,078821152;0,837120747;133967;3,769298315
03:45,4;284;-;-;gat_cos||gin||gat_generalized_linear||skip||skip||skip||l_concat;84,68634796;0,998325109;97,78598022;0,082444616;0,837765621;133967;3,769298315
03:45,4;285;-;-;gat_cos||gin||gat_generalized_linear||skip||skip||skip||l_concat;84,68634796;0,995552778;97,23247528;0,092172191;0,837698272;133967;3,769298315
03:45,4;286;-;-;gat_cos||gin||gat_generalized_linear||skip||skip||skip||l_concat;84,68634796;1,004434347;97,29397583;0,08654391;0,836298906;133967;3,769298315
03:45,4;287;-;-;gat_cos||gin||gat_generalized_linear||skip||skip||skip||l_concat;84,31734467;1,029023528;97,04797363;0,086347505;0,826182924;133967;3,769298315
03:45,4;288;-;-;gat_cos||gin||gat_generalized_linear||skip||skip||skip||l_concat;84,50184631;1,036652684;97,35547638;0,101801507;0,825143016;133967;3,769298315
03:45,4;289;-;-;gat_cos||gin||gat_generalized_linear||skip||skip||skip||l_concat;84,50184631;1,001161814;96,92497253;0,124442987;0,83684374;133967;3,769298315
03:45,4;290;-;-;gat_cos||gin||gat_generalized_linear||skip||skip||skip||l_concat;84,87084961;0,982809007;97,41697693;0,095810167;0,838520861;133967;3,769298315
03:45,4;291;-;-;gat_cos||gin||gat_generalized_linear||skip||skip||skip||l_concat;84,87084961;0,986965716;97,47847748;0,084385686;0,836328754;133967;3,769298315
03:45,4;292;-;-;gat_cos||gin||gat_generalized_linear||skip||skip||skip||l_concat;84,50184631;0,973698795;96,74047089;0,093841083;0,839411548;133967;3,769298315
03:45,4;293;-;-;gat_cos||gin||gat_generalized_linear||skip||skip||skip||l_concat;84,50184631;0,959908485;97,17097473;0,096662715;0,833185615;133967;3,769298315
03:45,4;294;-;-;gat_cos||gin||gat_generalized_linear||skip||skip||skip||l_concat;84,50184631;0,945544004;96,18696594;0,108840041;0,834596007;133967;3,769298315
03:45,4;295;-;-;gat_cos||gin||gat_generalized_linear||skip||skip||skip||l_concat;84,50184631;0,948969543;97,66297913;0,082764983;0,830375805;133967;3,769298315
03:45,5;296;-;-;gat_cos||gin||gat_generalized_linear||skip||skip||skip||l_concat;84,13284302;0,951952934;97,35547638;0,093788221;0,82295397;133967;3,769298315
03:45,5;297;-;-;gat_cos||gin||gat_generalized_linear||skip||skip||skip||l_concat;84,50184631;0,948966742;96,92497253;0,091953002;0,825659947;133967;3,769298315
03:45,5;298;-;-;gat_cos||gin||gat_generalized_linear||skip||skip||skip||l_concat;84,50184631;0,933672786;96,55596924;0,107902452;0,830583795;133967;3,769298315
03:45,5;299;-;-;gat_cos||gin||gat_generalized_linear||skip||skip||skip||l_concat;84,13284302;0,903903544;96,49446869;0,11036019;0,838756631;133967;3,769298315
03:45,5;300;-;-;gat_cos||gin||gat_generalized_linear||skip||skip||skip||l_concat;84,13284302;0,904079795;96,86347198;0,085776448;0,832086787;133967;3,769298315
03:45,5;301;-;-;gat_cos||gin||gat_generalized_linear||skip||skip||skip||l_concat;83,76383972;0,920654893;96,86347198;0,100696787;0,835699434;133967;3,769298315
03:45,5;302;-;-;gat_cos||gin||gat_generalized_linear||skip||skip||skip||l_concat;83,3948288;0,936156154;97,72447968;0,078490429;0,834292077;133967;3,769298315
03:45,5;303;-;-;gat_cos||gin||gat_generalized_linear||skip||skip||skip||l_concat;83,57933807;0,950967491;97,66297913;0,094210468;0,83575246;133967;3,769298315
03:45,5;304;-;-;gat_cos||gin||gat_generalized_linear||skip||skip||skip||l_concat;83,76383972;0,970840991;97,23247528;0,093490422;0,840643609;133967;3,769298315
03:45,5;305;-;-;gat_cos||gin||gat_generalized_linear||skip||skip||skip||l_concat;84,31734467;0,99621582;97,84748077;0,073318712;0,842008703;133967;3,769298315
03:45,5;306;-;-;gat_cos||gin||gat_generalized_linear||skip||skip||skip||l_concat;84,68634796;1,024910331;97,29397583;0,088277549;0,83187921;133967;3,769298315
03:45,5;307;-;-;gat_cos||gin||gat_generalized_linear||skip||skip||skip||l_concat;84,50184631;1,047599792;97,78598022;0,075687617;0,832098239;133967;3,769298315
03:45,5;308;-;-;gat_cos||gin||gat_generalized_linear||skip||skip||skip||l_concat;84,87084961;1,067369938;97,78598022;0,073328786;0,832573029;133967;3,769298315
03:45,5;309;-;-;gat_cos||gin||gat_generalized_linear||skip||skip||skip||l_concat;84,31734467;1,072431803;96,92497253;0,090598129;0,828865844;133967;3,769298315
03:45,5;310;-;-;gat_cos||gin||gat_generalized_linear||skip||skip||skip||l_concat;83,94834137;1,073117495;97,72447968;0,07867182;0,838549159;133967;3,769298315
03:45,5;311;-;-;gat_cos||gin||gat_generalized_linear||skip||skip||skip||l_concat;84,13284302;1,076130986;97,29397583;0,086516947;0,840927804;133967;3,769298315
03:45,5;312;-;-;gat_cos||gin||gat_generalized_linear||skip||skip||skip||l_concat;83,94834137;1,073722243;97,17097473;0,098504655;0,84488716;133967;3,769298315
03:45,6;313;-;-;gat_cos||gin||gat_generalized_linear||skip||skip||skip||l_concat;83,76383972;1,071802735;98,09348297;0,072384126;0,847475806;133967;3,769298315
03:45,6;314;-;-;gat_cos||gin||gat_generalized_linear||skip||skip||skip||l_concat;84,13284302;1,078003645;97,47847748;0,086120211;0,839958674;133967;3,769298315
03:45,6;315;-;-;gat_cos||gin||gat_generalized_linear||skip||skip||skip||l_concat;84,68634796;1,083535194;97,29397583;0,08017417;0,840316224;133967;3,769298315
03:45,6;316;-;-;gat_cos||gin||gat_generalized_linear||skip||skip||skip||l_concat;84,87084961;1,082218885;97,66297913;0,079072818;0,839309913;133967;3,769298315
03:45,6;317;-;-;gat_cos||gin||gat_generalized_linear||skip||skip||skip||l_concat;84,87084961;1,083166122;97,90898132;0,068666771;0,83091732;133967;3,769298315
03:45,6;318;-;-;gat_cos||gin||gat_generalized_linear||skip||skip||skip||l_concat;84,87084961;1,080787301;97,23247528;0,09014792;0,831830422;133967;3,769298315
03:45,6;319;-;-;gat_cos||gin||gat_generalized_linear||skip||skip||skip||l_concat;84,68634796;1,065790296;97,17097473;0,088948421;0,830252868;133967;3,769298315
03:45,6;320;-;-;gat_cos||gin||gat_generalized_linear||skip||skip||skip||l_concat;84,68634796;1,039983749;97,90898132;0,081331804;0,842038135;133967;3,769298315
03:45,6;321;-;-;gat_cos||gin||gat_generalized_linear||skip||skip||skip||l_concat;84,50184631;1,017643571;97,29397583;0,077134341;0,844170982;133967;3,769298315
03:45,6;322;-;-;gat_cos||gin||gat_generalized_linear||skip||skip||skip||l_concat;83,76383972;1,003940344;97,60147858;0,092947409;0,845086646;133967;3,769298315
03:45,6;323;-;-;gat_cos||gin||gat_generalized_linear||skip||skip||skip||l_concat;83,94834137;0,994756699;97,66297913;0,086164474;0,844617875;133967;3,769298315
03:45,6;324;-;-;gat_cos||gin||gat_generalized_linear||skip||skip||skip||l_concat;84,13284302;0,988742173;97,84748077;0,084166497;0,841225586;133967;3,769298315
03:45,6;325;-;-;gat_cos||gin||gat_generalized_linear||skip||skip||skip||l_concat;84,31734467;0,995572567;97,47847748;0,086019151;0,841327415;133967;3,769298315
03:45,6;326;-;-;gat_cos||gin||gat_generalized_linear||skip||skip||skip||l_concat;84,31734467;1,004866242;97,41697693;0,094084218;0,834226392;133967;3,769298315
03:45,6;327;-;-;gat_cos||gin||gat_generalized_linear||skip||skip||skip||l_concat;84,13284302;1,013748527;97,41697693;0,074925356;0,831903792;133967;3,769298315
03:45,6;328;-;-;gat_cos||gin||gat_generalized_linear||skip||skip||skip||l_concat;84,13284302;1,014905095;97,78598022;0,083368272;0,831642672;133967;3,769298315
03:45,6;329;-;-;gat_cos||gin||gat_generalized_linear||skip||skip||skip||l_concat;84,13284302;1,002676368;97,66297913;0,083340064;0,831843201;133967;3,769298315
03:45,7;330;-;-;gat_cos||gin||gat_generalized_linear||skip||skip||skip||l_concat;84,31734467;0,98828125;97,53997803;0,083331153;0,835964476;133967;3,769298315
03:45,7;331;-;-;gat_cos||gin||gat_generalized_linear||skip||skip||skip||l_concat;84,50184631;0,977663279;97,66297913;0,081903853;0,836658966;133967;3,769298315
03:45,7;332;-;-;gat_cos||gin||gat_generalized_linear||skip||skip||skip||l_concat;84,68634796;0,97542423;97,84748077;0,078815185;0,825461838;133967;3,769298315
03:45,7;333;-;-;gat_cos||gin||gat_generalized_linear||skip||skip||skip||l_concat;84,31734467;0,976434588;97,60147858;0,085334264;0,829339439;133967;3,769298315
03:45,7;334;-;-;gat_cos||gin||gat_generalized_linear||skip||skip||skip||l_concat;84,50184631;0,983149707;98,15498352;0,065142944;0,834503635;133967;3,769298315
03:45,7;335;-;-;gat_cos||gin||gat_generalized_linear||skip||skip||skip||l_concat;84,50184631;0,999299884;97,23247528;0,089326978;0,838535927;133967;3,769298315
03:45,7;336;-;-;gat_cos||gin||gat_generalized_linear||skip||skip||skip||l_concat;84,68634796;1,018364429;98,27798462;0,071872778;0,836956844;133967;3,769298315
03:45,7;337;-;-;gat_cos||gin||gat_generalized_linear||skip||skip||skip||l_concat;84,50184631;1,04093802;98,15498352;0,069115326;0,833154656;133967;3,769298315
03:45,7;338;-;-;gat_cos||gin||gat_generalized_linear||skip||skip||skip||l_concat;84,68634796;1,059698343;98,09348297;0,071457699;0,83046772;133967;3,769298315
03:45,7;339;-;-;gat_cos||gin||gat_generalized_linear||skip||skip||skip||l_concat;84,68634796;1,072938085;97,66297913;0,073072374;0,830839535;133967;3,769298315
03:45,7;340;-;-;gat_cos||gin||gat_generalized_linear||skip||skip||skip||l_concat;84,87084961;1,08335793;97,72447968;0,070791505;0,834923568;133967;3,769298315
03:45,7;341;-;-;gat_cos||gin||gat_generalized_linear||skip||skip||skip||l_concat;84,87084961;1,094947696;98,27798462;0,059977964;0,834594964;133967;3,769298315
03:45,7;342;-;-;gat_cos||gin||gat_generalized_linear||skip||skip||skip||l_concat;85,05535126;1,098632216;97,66297913;0,071926191;0,830741477;133967;3,769298315
03:45,7;343;-;-;gat_cos||gin||gat_generalized_linear||skip||skip||skip||l_concat;85,05535126;1,111738563;98,46248627;0,058435775;0,828129001;133967;3,769298315
03:45,7;344;-;-;gat_cos||gin||gat_generalized_linear||skip||skip||skip||l_concat;84,50184631;1,113552213;97,04797363;0,081777848;0,829166307;133967;3,769298315
03:45,7;345;-;-;gat_cos||gin||gat_generalized_linear||skip||skip||skip||l_concat;83,94834137;1,109620333;97,78598022;0,067059979;0,83474515;133967;3,769298315
03:45,7;346;-;-;gat_cos||gin||gat_generalized_linear||skip||skip||skip||l_concat;84,31734467;1,104054928;97,53997803;0,08704108;0,834282957;133967;3,769298315
03:45,8;347;-;-;gat_cos||gin||gat_generalized_linear||skip||skip||skip||l_concat;84,50184631;1,09677279;97,23247528;0,093076073;0,834996111;133967;3,769298315
03:45,8;348;-;-;gat_cos||gin||gat_generalized_linear||skip||skip||skip||l_concat;85,23985291;1,089534521;97,35547638;0,076523066;0,833131005;133967;3,769298315
03:45,8;349;-;-;gat_cos||gin||gat_generalized_linear||skip||skip||skip||l_concat;84,87084961;1,071721435;97,17097473;0,094925113;0,823324539;133967;3,769298315
03:45,8;350;-;-;gat_cos||gin||gat_generalized_linear||skip||skip||skip||l_concat;85,23985291;1,067411065;97,72447968;0,077182509;0,823324539;133967;3,769298315
03:45,8;351;-;-;gat_cos||gin||gat_generalized_linear||skip||skip||skip||l_concat;84,87084961;1,058466554;97,90898132;0,068153806;0,826682786;133967;3,769298315
03:45,8;352;-;-;gat_cos||gin||gat_generalized_linear||skip||skip||skip||l_concat;84,87084961;1,048877716;97,66297913;0,07811822;0,828651081;133967;3,769298315
03:45,8;353;-;-;gat_cos||gin||gat_generalized_linear||skip||skip||skip||l_concat;84,87084961;1,0437994;97,97048187;0,069521599;0,836151116;133967;3,769298315
03:45,8;354;-;-;gat_cos||gin||gat_generalized_linear||skip||skip||skip||l_concat;84,50184631;1,045300007;97,41697693;0,080768995;0,833866662;133967;3,769298315
03:45,8;355;-;-;gat_cos||gin||gat_generalized_linear||skip||skip||skip||l_concat;84,31734467;1,051973462;97,66297913;0,081923366;0,831392579;133967;3,769298315
03:45,8;356;-;-;gat_cos||gin||gat_generalized_linear||skip||skip||skip||l_concat;84,13284302;1,056006312;97,23247528;0,084554188;0,829399213;133967;3,769298315
03:45,8;357;-;-;gat_cos||gin||gat_generalized_linear||skip||skip||skip||l_concat;83,57933807;1,059761047;97,78598022;0,075597055;0,828664737;133967;3,769298315
03:45,8;358;-;-;gat_cos||gin||gat_generalized_linear||skip||skip||skip||l_concat;83,76383972;1,055708766;97,78598022;0,084952764;0,827089146;133967;3,769298315
03:45,8;359;-;-;gat_cos||gin||gat_generalized_linear||skip||skip||skip||l_concat;84,13284302;1,049512625;97,78598022;0,073852912;0,825901127;133967;3,769298315
03:45,8;360;-;-;gat_cos||gin||gat_generalized_linear||skip||skip||skip||l_concat;84,50184631;1,042108178;97,78598022;0,074318737;0,825092208;133967;3,769298315
03:45,8;361;-;-;gat_cos||gin||gat_generalized_linear||skip||skip||skip||l_concat;84,13284302;1,04015398;97,53997803;0,070040405;0,829107493;133967;3,769298315
03:45,8;362;-;-;gat_cos||gin||gat_generalized_linear||skip||skip||skip||l_concat;84,31734467;1,041695118;97,47847748;0,077880487;0,829410151;133967;3,769298315
03:45,9;363;-;-;gat_cos||gin||gat_generalized_linear||skip||skip||skip||l_concat;84,31734467;1,048670888;98,09348297;0,071045451;0,829410151;133967;3,769298315
03:45,9;364;-;-;gat_cos||gin||gat_generalized_linear||skip||skip||skip||l_concat;84,50184631;1,060265422;98,33948517;0,061625469;0,828553236;133967;3,769298315
03:45,9;365;-;-;gat_cos||gin||gat_generalized_linear||skip||skip||skip||l_concat;84,68634796;1,077751875;97,84748077;0,062182795;0,827458087;133967;3,769298315
03:45,9;366;-;-;gat_cos||gin||gat_generalized_linear||skip||skip||skip||l_concat;84,87084961;1,104176879;97,78598022;0,074751541;0,825284271;133967;3,769298315
03:45,9;367;-;-;gat_cos||gin||gat_generalized_linear||skip||skip||skip||l_concat;85,05535126;1,122225881;98,03198242;0,064632095;0,821448007;133967;3,769298315
03:45,9;368;-;-;gat_cos||gin||gat_generalized_linear||skip||skip||skip||l_concat;85,05535126;1,142393589;97,90898132;0,073539332;0,826078535;133967;3,769298315
03:45,9;369;-;-;gat_cos||gin||gat_generalized_linear||skip||skip||skip||l_concat;84,87084961;1,155251861;98,09348297;0,061662074;0,831340024;133967;3,769298315
03:45,9;370;-;-;gat_cos||gin||gat_generalized_linear||skip||skip||skip||l_concat;84,50184631;1,160588384;97,47847748;0,086526118;0,831096865;133967;3,769298315
03:45,9;371;-;-;gat_cos||gin||gat_generalized_linear||skip||skip||skip||l_concat;84,87084961;1,161276817;97,90898132;0,066336289;0,838729733;133967;3,769298315
03:45,9;372;-;-;gat_cos||gin||gat_generalized_linear||skip||skip||skip||l_concat;84,68634796;1,156226039;98,46248627;0,056869399;0,838338918;133967;3,769298315
03:45,9;373;-;-;gat_cos||gin||gat_generalized_linear||skip||skip||skip||l_concat;84,31734467;1,144788265;97,84748077;0,070304297;0,838705802;133967;3,769298315
03:45,9;374;-;-;gat_cos||gin||gat_generalized_linear||skip||skip||skip||l_concat;83,94834137;1,131031871;98,27798462;0,072467871;0,837169647;133967;3,769298315
03:45,9;375;-;-;gat_cos||gin||gat_generalized_linear||skip||skip||skip||l_concat;83,94834137;1,11773777;97,53997803;0,087287694;0,840023998;133967;3,769298315
03:45,9;376;-;-;gat_cos||gin||gat_generalized_linear||skip||skip||skip||l_concat;84,31734467;1,108004093;97,90898132;0,077347502;0,838472983;133967;3,769298315
03:45,9;377;-;-;gat_cos||gin||gat_generalized_linear||skip||skip||skip||l_concat;84,50184631;1,104366422;97,29397583;0,088725939;0,830236593;133967;3,769298315
03:45,9;378;-;-;gat_cos||gin||gat_generalized_linear||skip||skip||skip||l_concat;84,87084961;1,109325409;97,97048187;0,059289448;0,833290287;133967;3,769298315
03:45,9;379;-;-;gat_cos||gin||gat_generalized_linear||skip||skip||skip||l_concat;84,68634796;1,118531585;96,86347198;0,097426474;0,836474143;133967;3,769298315
03:46,0;380;-;-;gat_cos||gin||gat_generalized_linear||skip||skip||skip||l_concat;84,68634796;1,121687651;98,15498352;0,056989495;0,829553684;133967;3,769298315
03:46,0;381;-;-;gat_cos||gin||gat_generalized_linear||skip||skip||skip||l_concat;84,50184631;1,116524935;98,03198242;0,069991767;0,82813193;133967;3,769298315
03:46,0;382;-;-;gat_cos||gin||gat_generalized_linear||skip||skip||skip||l_concat;84,31734467;1,104406118;97,84748077;0,070540793;0,831652246;133967;3,769298315
03:46,0;383;-;-;gat_cos||gin||gat_generalized_linear||skip||skip||skip||l_concat;84,31734467;1,091627836;98,27798462;0,058451682;0,838021533;133967;3,769298315
03:46,0;384;-;-;gat_cos||gin||gat_generalized_linear||skip||skip||skip||l_concat;84,31734467;1,083863735;97,84748077;0,071262605;0,839433088;133967;3,769298315
03:46,0;385;-;-;gat_cos||gin||gat_generalized_linear||skip||skip||skip||l_concat;84,31734467;1,073329926;98,27798462;0,059361782;0,839789925;133967;3,769298315
03:46,0;386;-;-;gat_cos||gin||gat_generalized_linear||skip||skip||skip||l_concat;84,87084961;1,059992433;97,35547638;0,081817038;0,837376409;133967;3,769298315
03:46,0;387;-;-;gat_cos||gin||gat_generalized_linear||skip||skip||skip||l_concat;84,87084961;1,048545003;97,97048187;0,07060688;0,833278056;133967;3,769298315
03:46,0;388;-;-;gat_cos||gin||gat_generalized_linear||skip||skip||skip||l_concat;84,87084961;1,046220779;98,03198242;0,057275008;0,818017969;133967;3,769298315
03:46,0;389;-;-;gat_cos||gin||gat_generalized_linear||skip||skip||skip||l_concat;85,23985291;1,048761725;98,64698792;0,052367404;0,819256393;133967;3,769298315
03:46,0;390;-;-;gat_cos||gin||gat_generalized_linear||skip||skip||skip||l_concat;85,42435455;1,042133331;97,84748077;0,078635201;0,824932308;133967;3,769298315
03:46,0;391;-;-;gat_cos||gin||gat_generalized_linear||skip||skip||skip||l_concat;85,6088562;1,035538554;97,78598022;0,063850686;0,825319737;133967;3,769298315
03:46,0;392;-;-;gat_cos||gin||gat_generalized_linear||skip||skip||skip||l_concat;85,23985291;1,031345606;97,04797363;0,084507942;0,825798545;133967;3,769298315
03:46,0;393;-;-;gat_cos||gin||gat_generalized_linear||skip||skip||skip||l_concat;84,50184631;1,033553243;98,15498352;0,063853122;0,829667664;133967;3,769298315
03:46,0;394;-;-;gat_cos||gin||gat_generalized_linear||skip||skip||skip||l_concat;84,68634796;1,040984631;98,27798462;0,060990378;0,836507827;133967;3,769298315
03:46,0;395;-;-;gat_cos||gin||gat_generalized_linear||skip||skip||skip||l_concat;84,31734467;1,049276233;98,03198242;0,066865601;0,839537905;133967;3,769298315
03:46,0;396;-;-;gat_cos||gin||gat_generalized_linear||skip||skip||skip||l_concat;84,68634796;1,059109688;98,21648407;0,059133533;0,837994223;133967;3,769298315
03:46,1;397;-;-;gat_cos||gin||gat_generalized_linear||skip||skip||skip||l_concat;84,68634796;1,072478056;98,15498352;0,073236458;0,835159726;133967;3,769298315
03:46,1;398;-;-;gat_cos||gin||gat_generalized_linear||skip||skip||skip||l_concat;84,87084961;1,085855126;98,33948517;0,055747494;0,83374137;133967;3,769298315
03:46,1;399;-;-;gat_cos||gin||gat_generalized_linear||skip||skip||skip||l_concat;85,42435455;1,095747709;97,04797363;0,07662347;0,832949599;133967;3,769298315
03:46,1;400;-;-;gat_cos||gin||gat_generalized_linear||skip||skip||skip||l_concat;85,23985291;1,097907305;98,33948517;0,063549265;0,832303833;133967;3,769298315
03:46,1;401;-;-;gat_cos||gin||gat_generalized_linear||skip||skip||skip||l_concat;85,23985291;1,098315477;98,27798462;0,059795015;0,832303833;133967;3,769298315
03:46,1;402;-;-;gat_cos||gin||gat_generalized_linear||skip||skip||skip||l_concat;85,23985291;1,093553305;98,15498352;0,061085947;0,828856096;133967;3,769298315
03:46,1;403;-;-;gat_cos||gin||gat_generalized_linear||skip||skip||skip||l_concat;85,42435455;1,086420178;97,66297913;0,068669811;0,832047246;133967;3,769298315
03:46,1;404;-;-;gat_cos||gin||gat_generalized_linear||skip||skip||skip||l_concat;85,05535126;1,084393978;98,46248627;0,050416991;0,832908549;133967;3,769298315
03:46,1;405;-;-;gat_cos||gin||gat_generalized_linear||skip||skip||skip||l_concat;84,87084961;1,079604626;97,78598022;0,076179206;0,836482147;133967;3,769298315
03:46,1;406;-;-;gat_cos||gin||gat_generalized_linear||skip||skip||skip||l_concat;84,50184631;1,080922961;98,58548737;0,063119344;0,837195567;133967;3,769298315
03:46,1;407;-;-;gat_cos||gin||gat_generalized_linear||skip||skip||skip||l_concat;84,50184631;1,08665359;98,27798462;0,072717294;0,837586859;133967;3,769298315
03:46,1;408;-;-;gat_cos||gin||gat_generalized_linear||skip||skip||skip||l_concat;84,68634796;1,095321178;97,72447968;0,076675355;0,82937646;133967;3,769298315
03:46,1;409;-;-;gat_cos||gin||gat_generalized_linear||skip||skip||skip||l_concat;84,87084961;1,100570917;98,09348297;0,0606969;0,83039185;133967;3,769298315
03:46,1;410;-;-;gat_cos||gin||gat_generalized_linear||skip||skip||skip||l_concat;84,87084961;1,097420573;98,40098572;0,074992433;0,83006572;133967;3,769298315
03:46,1;411;-;-;gat_cos||gin||gat_generalized_linear||skip||skip||skip||l_concat;85,05535126;1,096365809;98,33948517;0,05710477;0,832765385;133967;3,769298315
03:46,1;412;-;-;gat_cos||gin||gat_generalized_linear||skip||skip||skip||l_concat;85,05535126;1,092866063;97,78598022;0,074844629;0,829423844;133967;3,769298315
03:46,1;413;-;-;gat_cos||gin||gat_generalized_linear||skip||skip||skip||l_concat;85,05535126;1,090630174;97,97048187;0,073712647;0,832723401;133967;3,769298315
03:46,2;414;-;-;gat_cos||gin||gat_generalized_linear||skip||skip||skip||l_concat;85,23985291;1,087186217;98,33948517;0,057144556;0,832172356;133967;3,769298315
03:46,2;415;-;-;gat_cos||gin||gat_generalized_linear||skip||skip||skip||l_concat;85,23985291;1,084125996;98,27798462;0,056219809;0,833977224;133967;3,769298315
03:46,2;416;-;-;gat_cos||gin||gat_generalized_linear||skip||skip||skip||l_concat;85,05535126;1,086495042;97,84748077;0,063275702;0,834875259;133967;3,769298315
03:46,2;417;-;-;gat_cos||gin||gat_generalized_linear||skip||skip||skip||l_concat;84,31734467;1,086800933;98,09348297;0,063185155;0,836911017;133967;3,769298315
03:46,2;418;-;-;gat_cos||gin||gat_generalized_linear||skip||skip||skip||l_concat;84,13284302;1,086144567;98,27798462;0,061075866;0,839405707;133967;3,769298315
03:46,2;419;-;-;gat_cos||gin||gat_generalized_linear||skip||skip||skip||l_concat;84,13284302;1,087158918;98,27798462;0,066994287;0,835336449;133967;3,769298315
03:46,2;420;-;-;gat_cos||gin||gat_generalized_linear||skip||skip||skip||l_concat;84,50184631;1,089545727;97,72447968;0,083312728;0,833061898;133967;3,769298315
03:46,2;421;-;-;gat_cos||gin||gat_generalized_linear||skip||skip||skip||l_concat;84,68634796;1,08869195;98,52398682;0,058913443;0,836010992;133967;3,769298315
03:46,2;422;-;-;gat_cos||gin||gat_generalized_linear||skip||skip||skip||l_concat;84,87084961;1,085616231;97,72447968;0,074393019;0,832332237;133967;3,769298315
03:46,2;423;-;-;gat_cos||gin||gat_generalized_linear||skip||skip||skip||l_concat;84,68634796;1,081588984;97,90898132;0,076823317;0,826422721;133967;3,769298315
03:46,2;424;-;-;gat_cos||gin||gat_generalized_linear||skip||skip||skip||l_concat;84,87084961;1,070927978;98,09348297;0,067144357;0,822654697;133967;3,769298315
03:46,2;425;-;-;gat_cos||gin||gat_generalized_linear||skip||skip||skip||l_concat;84,87084961;1,061302185;98,03198242;0,065411679;0,825436571;133967;3,769298315
03:46,2;426;-;-;gat_cos||gin||gat_generalized_linear||skip||skip||skip||l_concat;84,68634796;1,055057883;98,03198242;0,06396278;0,821348093;133967;3,769298315
03:46,2;427;-;-;gat_cos||gin||gat_generalized_linear||skip||skip||skip||l_concat;84,31734467;1,05073905;97,84748077;0,09032736;0,818683805;133967;3,769298315
03:46,2;428;-;-;gat_cos||gin||gat_generalized_linear||skip||skip||skip||l_concat;84,50184631;1,048946023;98,03198242;0,079820484;0,831762346;133967;3,769298315
03:46,2;429;-;-;gat_cos||gin||gat_generalized_linear||skip||skip||skip||l_concat;84,31734467;1,051094055;98,21648407;0,051814731;0,838704815;133967;3,769298315
03:46,2;430;-;-;gat_cos||gin||gat_generalized_linear||skip||skip||skip||l_concat;84,13284302;1,057304859;97,66297913;0,067000784;0,835008833;133967;3,769298315
03:46,2;431;-;-;gat_cos||gin||gat_generalized_linear||skip||skip||skip||l_concat;84,31734467;1,055727005;97,47847748;0,09074641;0,8341626;133967;3,769298315
03:46,3;432;-;-;gat_cos||gin||gat_generalized_linear||skip||skip||skip||l_concat;84,31734467;1,052822828;97,53997803;0,069177382;0,83073045;133967;3,769298315
03:46,3;433;-;-;gat_cos||gin||gat_generalized_linear||skip||skip||skip||l_concat;84,31734467;1,051997781;98,46248627;0,055598795;0,828009002;133967;3,769298315
03:46,3;434;-;-;gat_cos||gin||gat_generalized_linear||skip||skip||skip||l_concat;84,50184631;1,055626273;98,15498352;0,059050549;0,827058729;133967;3,769298315
03:46,3;435;-;-;gat_cos||gin||gat_generalized_linear||skip||skip||skip||l_concat;84,50184631;1,059435487;98,09348297;0,066060238;0,823761826;133967;3,769298315
03:46,3;436;-;-;gat_cos||gin||gat_generalized_linear||skip||skip||skip||l_concat;84,50184631;1,062876344;97,47847748;0,07922738;0,822582114;133967;3,769298315
03:46,3;437;-;-;gat_cos||gin||gat_generalized_linear||skip||skip||skip||l_concat;84,50184631;1,066562295;98,83148956;0,052885368;0,824483655;133967;3,769298315
03:46,3;438;-;-;gat_cos||gin||gat_generalized_linear||skip||skip||skip||l_concat;84,50184631;1,071613669;97,60147858;0,068360411;0,826662283;133967;3,769298315
03:46,3;439;-;-;gat_cos||gin||gat_generalized_linear||skip||skip||skip||l_concat;84,68634796;1,07506299;98,33948517;0,07058426;0,826579641;133967;3,769298315
03:46,3;440;-;-;gat_cos||gin||gat_generalized_linear||skip||skip||skip||l_concat;84,13284302;1,076063156;97,47847748;0,087211907;0,832584601;133967;3,769298315
03:46,3;441;-;-;gat_cos||gin||gat_generalized_linear||skip||skip||skip||l_concat;83,94834137;1,074505806;97,66297913;0,07637459;0,834915107;133967;3,769298315
03:46,3;442;-;-;gat_cos||gin||gat_generalized_linear||skip||skip||skip||l_concat;83,94834137;1,07329452;97,90898132;0,059073649;0,837605101;133967;3,769298315
03:46,3;443;-;-;gat_cos||gin||gat_generalized_linear||skip||skip||skip||l_concat;83,94834137;1,072551608;98,21648407;0,053644925;0,838812881;133967;3,769298315
03:46,3;444;-;-;gat_cos||gin||gat_generalized_linear||skip||skip||skip||l_concat;84,13284302;1,069659352;97,41697693;0,071091451;0,838812881;133967;3,769298315
03:46,3;445;-;-;gat_cos||gin||gat_generalized_linear||skip||skip||skip||l_concat;84,13284302;1,068901539;98,15498352;0,060174741;0,835908074;133967;3,769298315
03:46,3;446;-;-;gat_cos||gin||gat_generalized_linear||skip||skip||skip||l_concat;84,13284302;1,069502831;97,97048187;0,069382243;0,834338149;133967;3,769298315
03:46,3;447;-;-;gat_cos||gin||gat_generalized_linear||skip||skip||skip||l_concat;84,68634796;1,070464492;97,84748077;0,060610827;0,833580411;133967;3,769298315
03:46,4;448;-;-;gat_cos||gin||gat_generalized_linear||skip||skip||skip||l_concat;84,50184631;1,071013451;98,33948517;0,054522153;0,829462769;133967;3,769298315
03:46,4;449;-;-;gat_cos||gin||gat_generalized_linear||skip||skip||skip||l_concat;84,31734467;1,072464585;98,70848846;0,045854375;0,829462769;133967;3,769298315
03:46,4;450;-;-;gat_cos||gin||gat_generalized_linear||skip||skip||skip||l_concat;84,50184631;1,072791576;98,33948517;0,072310597;0,827616006;133967;3,769298315
03:46,4;451;-;-;gat_cos||gin||gat_generalized_linear||skip||skip||skip||l_concat;84,50184631;1,074506044;98,52398682;0,059064962;0,830367728;133967;3,769298315
03:46,4;452;-;-;gat_cos||gin||gat_generalized_linear||skip||skip||skip||l_concat;84,50184631;1,076704025;98,09348297;0,064048342;0,830367728;133967;3,769298315
03:46,4;453;-;-;gat_cos||gin||gat_generalized_linear||skip||skip||skip||l_concat;84,68634796;1,080928326;97,84748077;0,061584797;0,833045978;133967;3,769298315
03:46,4;454;-;-;gat_cos||gin||gat_generalized_linear||skip||skip||skip||l_concat;84,87084961;1,085788488;97,90898132;0,065065913;0,832593457;133967;3,769298315
03:46,4;455;-;-;gat_cos||gin||gat_generalized_linear||skip||skip||skip||l_concat;84,87084961;1,091090202;98,33948517;0,055971496;0,832593457;133967;3,769298315
03:46,4;456;-;-;gat_cos||gin||gat_generalized_linear||skip||skip||skip||l_concat;84,68634796;1,097341537;98,64698792;0,055272143;0,82992375;133967;3,769298315
03:46,4;457;-;-;gat_cos||gin||gat_generalized_linear||skip||skip||skip||l_concat;84,50184631;1,105981827;98,70848846;0,048360217;0,831499045;133967;3,769298315
03:46,4;458;-;-;gat_cos||gin||gat_generalized_linear||skip||skip||skip||l_concat;84,31734467;1,111079335;98,52398682;0,057710893;0,833109037;133967;3,769298315
03:46,4;459;-;-;gat_cos||gin||gat_generalized_linear||skip||skip||skip||l_concat;84,13284302;1,114488721;98,21648407;0,072659977;0,832408195;133967;3,769298315
03:46,4;460;-;-;gat_cos||gin||gat_generalized_linear||skip||skip||skip||l_concat;84,13284302;1,117400527;98,40098572;0,056780141;0,832408195;133967;3,769298315
03:46,4;461;-;-;gat_cos||gin||gat_generalized_linear||skip||skip||skip||l_concat;84,13284302;1,115763664;98,03198242;0,061541803;0,832408195;133967;3,769298315
03:46,4;462;-;-;gat_cos||gin||gat_generalized_linear||skip||skip||skip||l_concat;84,31734467;1,113737941;98,09348297;0,058009848;0,832408195;133967;3,769298315
03:46,4;463;-;-;gat_cos||gin||gat_generalized_linear||skip||skip||skip||l_concat;84,31734467;1,110789537;98,52398682;0,060137939;0,83079491;133967;3,769298315
03:46,5;464;-;-;gat_cos||gin||gat_generalized_linear||skip||skip||skip||l_concat;84,31734467;1,106963277;98,52398682;0,057691179;0,831549341;133967;3,769298315
03:46,5;465;-;-;gat_cos||gin||gat_generalized_linear||skip||skip||skip||l_concat;84,68634796;1,106332421;97,97048187;0,063767225;0,834649709;133967;3,769298315
03:46,5;466;-;-;gat_cos||gin||gat_generalized_linear||skip||skip||skip||l_concat;84,50184631;1,102752924;97,84748077;0,069589853;0,830149948;133967;3,769298315
03:46,5;467;-;-;gat_cos||gin||gat_generalized_linear||skip||skip||skip||l_concat;84,50184631;1,099633336;98,03198242;0,058020201;0,82791524;133967;3,769298315
03:46,5;468;-;-;gat_cos||gin||gat_generalized_linear||skip||skip||skip||l_concat;84,68634796;1,097196698;98,09348297;0,057248089;0,82791524;133967;3,769298315
03:46,5;469;-;-;gat_cos||gin||gat_generalized_linear||skip||skip||skip||l_concat;84,68634796;1,095256567;98,40098572;0,057682764;0,83141371;133967;3,769298315
03:46,5;470;-;-;gat_cos||gin||gat_generalized_linear||skip||skip||skip||l_concat;84,87084961;1,093653202;98,58548737;0,053897455;0,831184491;133967;3,769298315
03:46,5;471;-;-;gat_cos||gin||gat_generalized_linear||skip||skip||skip||l_concat;84,87084961;1,091159701;98,03198242;0,071642175;0,832097483;133967;3,769298315
03:46,5;472;-;-;gat_cos||gin||gat_generalized_linear||skip||skip||skip||l_concat;84,68634796;1,091082335;98,15498352;0,056385666;0,832097483;133967;3,769298315
03:46,5;473;-;-;gat_cos||gin||gat_generalized_linear||skip||skip||skip||l_concat;84,50184631;1,091780543;98,09348297;0,057754297;0,832097483;133967;3,769298315
03:46,5;474;-;-;gat_cos||gin||gat_generalized_linear||skip||skip||skip||l_concat;84,31734467;1,092481494;98,15498352;0,06496872;0,832097483;133967;3,769298315
03:46,5;475;-;-;gat_cos||gin||gat_generalized_linear||skip||skip||skip||l_concat;84,13284302;1,094683409;97,66297913;0,081659228;0,837233458;133967;3,769298315
03:46,5;476;-;-;gat_cos||gin||gat_generalized_linear||skip||skip||skip||l_concat;84,31734467;1,097501993;98,27798462;0,060472947;0,836801902;133967;3,769298315
03:46,5;477;-;-;gat_cos||gin||gat_generalized_linear||skip||skip||skip||l_concat;84,13284302;1,100350022;97,90898132;0,077823356;0,839261925;133967;3,769298315
03:46,5;478;-;-;gat_cos||gin||gat_generalized_linear||skip||skip||skip||l_concat;84,13284302;1,103463531;98,03198242;0,056127757;0,835759639;133967;3,769298315
03:46,5;479;-;-;gat_cos||gin||gat_generalized_linear||skip||skip||skip||l_concat;84,13284302;1,105168939;97,97048187;0,07537628;0,835759639;133967;3,769298315
03:46,5;480;-;-;gat_cos||gin||gat_generalized_linear||skip||skip||skip||l_concat;83,94834137;1,106366396;97,47847748;0,08318454;0,835759639;133967;3,769298315
03:46,5;481;-;-;gat_cos||gin||gat_generalized_linear||skip||skip||skip||l_concat;84,13284302;1,10756731;98,33948517;0,056588233;0,835759639;133967;3,769298315
03:46,6;482;-;-;gat_cos||gin||gat_generalized_linear||skip||skip||skip||l_concat;84,31734467;1,109094739;98,40098572;0,050953377;0,831856505;133967;3,769298315
03:46,6;483;-;-;gat_cos||gin||gat_generalized_linear||skip||skip||skip||l_concat;84,31734467;1,108888865;98,09348297;0,055203963;0,833496209;133967;3,769298315
03:46,6;484;-;-;gat_cos||gin||gat_generalized_linear||skip||skip||skip||l_concat;84,50184631;1,108212709;98,40098572;0,051355056;0,832795367;133967;3,769298315
03:46,6;485;-;-;gat_cos||gin||gat_generalized_linear||skip||skip||skip||l_concat;84,68634796;1,107495666;98,46248627;0,053974766;0,829557741;133967;3,769298315
03:46,6;486;-;-;gat_cos||gin||gat_generalized_linear||skip||skip||skip||l_concat;84,87084961;1,106074691;98,21648407;0,059490163;0,828231758;133967;3,769298315
03:46,6;487;-;-;gat_cos||gin||gat_generalized_linear||skip||skip||skip||l_concat;84,68634796;1,104678512;98,21648407;0,053859603;0,829272798;133967;3,769298315
03:46,6;488;-;-;gat_cos||gin||gat_generalized_linear||skip||skip||skip||l_concat;84,68634796;1,103370309;98,09348297;0,064546719;0,82601644;133967;3,769298315
03:46,6;489;-;-;gat_cos||gin||gat_generalized_linear||skip||skip||skip||l_concat;84,68634796;1,102018952;98,33948517;0,061286271;0,82435595;133967;3,769298315
03:46,6;490;-;-;gat_cos||gin||gat_generalized_linear||skip||skip||skip||l_concat;84,68634796;1,101020455;98,21648407;0,059771102;0,822321148;133967;3,769298315
03:46,6;491;-;-;gat_cos||gin||gat_generalized_linear||skip||skip||skip||l_concat;84,68634796;1,098592639;98,21648407;0,063550934;0,822321148;133967;3,769298315
03:46,6;492;-;-;gat_cos||gin||gat_generalized_linear||skip||skip||skip||l_concat;84,68634796;1,097267151;98,64698792;0,050117992;0,822391586;133967;3,769298315
03:46,6;493;-;-;gat_cos||gin||gat_generalized_linear||skip||skip||skip||l_concat;84,68634796;1,094959855;98,33948517;0,054561321;0,825647944;133967;3,769298315
03:46,6;494;-;-;gat_cos||gin||gat_generalized_linear||skip||skip||skip||l_concat;84,68634796;1,092843652;98,15498352;0,061894082;0,825130848;133967;3,769298315
03:46,6;495;-;-;gat_cos||gin||gat_generalized_linear||skip||skip||skip||l_concat;84,68634796;1,090848684;97,97048187;0,059993353;0,826333559;133967;3,769298315
03:46,6;496;-;-;gat_cos||gin||gat_generalized_linear||skip||skip||skip||l_concat;84,68634796;1,090615749;98,83148956;0,045843519;0,826333559;133967;3,769298315
03:46,6;497;-;-;gat_cos||gin||gat_generalized_linear||skip||skip||skip||l_concat;84,68634796;1,091298819;98,33948517;0,055750944;0,826333559;133967;3,769298315
03:46,6;498;-;-;gat_cos||gin||gat_generalized_linear||skip||skip||skip||l_concat;84,68634796;1,091734648;98,03198242;0,06629613;0,826333559;133967;3,769298315
03:46,7;499;-;-;gat_cos||gin||gat_generalized_linear||skip||skip||skip||l_concat;84,68634796;1,091148734;97,78598022;0,066079974;0,827302677;133967;3,769298315
03:46,7;500;-;-;gat_cos||gin||gat_generalized_linear||skip||skip||skip||l_concat;84,50184631;1,089781523;98,15498352;0,065569066;0,827302677;133967;3,769298315
03:46,7;501;-;-;gat_cos||gin||gat_generalized_linear||skip||skip||skip||l_concat;84,50184631;1,089323878;98,52398682;0,053338151;0,82687039;133967;3,769298315
03:46,7;502;-;-;gat_cos||gin||gat_generalized_linear||skip||skip||skip||l_concat;84,50184631;1,090065241;98,09348297;0,056446623;0,82687039;133967;3,769298315
03:46,7;503;-;-;gat_cos||gin||gat_generalized_linear||skip||skip||skip||l_concat;84,31734467;1,090451002;98,70848846;0,050062858;0,829618807;133967;3,769298315
03:46,7;504;-;-;gat_cos||gin||gat_generalized_linear||skip||skip||skip||l_concat;84,31734467;1,092101336;98,27798462;0,059111934;0,829618807;133967;3,769298315
03:46,7;505;-;-;gat_cos||gin||gat_generalized_linear||skip||skip||skip||l_concat;84,50184631;1,093026757;98,09348297;0,06770318;0,829618807;133967;3,769298315
03:46,7;506;-;-;gat_cos||gin||gat_generalized_linear||skip||skip||skip||l_concat;84,31734467;1,093698621;98,09348297;0,064193279;0,831237549;133967;3,769298315
03:46,7;507;-;-;gat_cos||gin||gat_generalized_linear||skip||skip||skip||l_concat;84,31734467;1,093595266;97,97048187;0,075172417;0,831237549;133967;3,769298315
03:46,7;508;-;-;gat_cos||gin||gat_generalized_linear||skip||skip||skip||l_concat;84,31734467;1,094797611;98,40098572;0,06288515;0,831237549;133967;3,769298315
03:46,7;509;-;-;gat_cos||gin||gat_generalized_linear||skip||skip||skip||l_concat;84,31734467;1,096168399;98,21648407;0,059384815;0,831237549;133967;3,769298315
03:46,7;510;-;-;gat_cos||gin||gat_generalized_linear||skip||skip||skip||l_concat;84,50184631;1,097007036;98,21648407;0,055997789;0,828507072;133967;3,769298315
03:46,7;511;-;-;gat_cos||gin||gat_generalized_linear||skip||skip||skip||l_concat;84,68634796;1,099050283;98,03198242;0,062927097;0,82687039;133967;3,769298315
03:46,7;512;-;-;gat_cos||gin||gat_generalized_linear||skip||skip||skip||l_concat;84,68634796;1,102133512;98,70848846;0,051242672;0,829813116;133967;3,769298315
03:46,7;513;-;-;gat_cos||gin||gat_generalized_linear||skip||skip||skip||l_concat;84,50184631;1,103354812;97,97048187;0,074283451;0,829545223;133967;3,769298315
03:46,7;514;-;-;gat_cos||gin||gat_generalized_linear||skip||skip||skip||l_concat;84,50184631;1,103167892;98,58548737;0,05834116;0,829545223;133967;3,769298315
03:46,8;515;-;-;gat_cos||gin||gat_generalized_linear||skip||skip||skip||l_concat;84,50184631;1,10167563;98,33948517;0,055406351;0,829545223;133967;3,769298315
03:46,8;516;-;-;gat_cos||gin||gat_generalized_linear||skip||skip||skip||l_concat;84,68634796;1,099890828;97,97048187;0,061703872;0,830254435;133967;3,769298315
03:46,8;517;-;-;gat_cos||gin||gat_generalized_linear||skip||skip||skip||l_concat;84,68634796;1,09826076;98,27798462;0,059660044;0,830254435;133967;3,769298315
03:46,8;518;-;-;gat_cos||gin||gat_generalized_linear||skip||skip||skip||l_concat;84,68634796;1,096835375;98,21648407;0,056612164;0,827984279;133967;3,769298315
03:46,8;519;-;-;gat_cos||gin||gat_generalized_linear||skip||skip||skip||l_concat;84,68634796;1,096181035;98,58548737;0,050037093;0,827984279;133967;3,769298315
03:46,8;520;-;-;gat_cos||gin||gat_generalized_linear||skip||skip||skip||l_concat;84,68634796;1,095879436;98,27798462;0,059022188;0,830771504;133967;3,769298315
03:46,8;521;-;-;gat_cos||gin||gat_generalized_linear||skip||skip||skip||l_concat;84,50184631;1,095877647;98,83148956;0,044512998;0,830771504;133967;3,769298315
03:46,8;522;-;-;gat_cos||gin||gat_generalized_linear||skip||skip||skip||l_concat;84,50184631;1,096152425;98,52398682;0,062987961;0,833088309;133967;3,769298315
03:46,8;523;-;-;gat_cos||gin||gat_generalized_linear||skip||skip||skip||l_concat;84,50184631;1,096621633;98,21648407;0,063035518;0,833088309;133967;3,769298315
03:46,8;524;-;-;gat_cos||gin||gat_generalized_linear||skip||skip||skip||l_concat;84,50184631;1,096841097;97,84748077;0,073217392;0,833088309;133967;3,769298315
03:46,8;525;-;-;gat_cos||gin||gat_generalized_linear||skip||skip||skip||l_concat;84,50184631;1,097696066;97,90898132;0,060711473;0,833088309;133967;3,769298315
03:46,8;526;-;-;gat_cos||gin||gat_generalized_linear||skip||skip||skip||l_concat;84,50184631;1,098739743;98,33948517;0,063751176;0,833088309;133967;3,769298315
03:46,8;527;-;-;gat_cos||gin||gat_generalized_linear||skip||skip||skip||l_concat;84,50184631;1,099715114;98,46248627;0,053958714;0,833088309;133967;3,769298315
03:46,8;528;-;-;gat_cos||gin||gat_generalized_linear||skip||skip||skip||l_concat;84,50184631;1,100643754;98,58548737;0,056223761;0,833088309;133967;3,769298315
03:46,8;529;-;-;gat_cos||gin||gat_generalized_linear||skip||skip||skip||l_concat;84,50184631;1,101787806;98,70848846;0,05386107;0,833088309;133967;3,769298315
03:46,8;530;-;-;gat_cos||gin||gat_generalized_linear||skip||skip||skip||l_concat;84,50184631;1,102705359;98,09348297;0,062308408;0,833088309;133967;3,769298315
03:46,8;531;-;-;gat_cos||gin||gat_generalized_linear||skip||skip||skip||l_concat;84,50184631;1,103867173;98,21648407;0,061604138;0,833088309;133967;3,769298315
03:46,9;532;-;-;gat_cos||gin||gat_generalized_linear||skip||skip||skip||l_concat;84,50184631;1,10508132;98,58548737;0,05886602;0,833088309;133967;3,769298315
03:46,9;533;-;-;gat_cos||gin||gat_generalized_linear||skip||skip||skip||l_concat;84,50184631;1,106011271;98,33948517;0,052762024;0,833088309;133967;3,769298315
03:46,9;534;-;-;gat_cos||gin||gat_generalized_linear||skip||skip||skip||l_concat;84,50184631;1,106944919;98,64698792;0,055029288;0,833088309;133967;3,769298315
03:46,9;535;-;-;gat_cos||gin||gat_generalized_linear||skip||skip||skip||l_concat;84,50184631;1,10817492;98,15498352;0,056443471;0,830319024;133967;3,769298315
03:46,9;536;-;-;gat_cos||gin||gat_generalized_linear||skip||skip||skip||l_concat;84,50184631;1,109025121;98,09348297;0,058300827;0,830319024;133967;3,769298315
03:46,9;537;-;-;gat_cos||gin||gat_generalized_linear||skip||skip||skip||l_concat;84,50184631;1,109812379;98,46248627;0,053452738;0,830319024;133967;3,769298315
03:46,9;538;-;-;gat_cos||gin||gat_generalized_linear||skip||skip||skip||l_concat;84,50184631;1,110641956;97,66297913;0,071215339;0,830319024;133967;3,769298315
03:46,9;539;-;-;gat_cos||gin||gat_generalized_linear||skip||skip||skip||l_concat;84,50184631;1,111596823;97,84748077;0,058471955;0,827984279;133967;3,769298315
03:46,9;540;-;-;gat_cos||gin||gat_generalized_linear||skip||skip||skip||l_concat;84,50184631;1,112177491;98,15498352;0,067029886;0,827984279;133967;3,769298315
03:46,9;541;-;-;gat_cos||gin||gat_generalized_linear||skip||skip||skip||l_concat;84,50184631;1,113050342;98,33948517;0,052602421;0,827302677;133967;3,769298315
03:46,9;542;-;-;gat_cos||gin||gat_generalized_linear||skip||skip||skip||l_concat;84,50184631;1,113653541;98,33948517;0,058214411;0,827302677;133967;3,769298315
03:46,9;543;-;-;gat_cos||gin||gat_generalized_linear||skip||skip||skip||l_concat;84,50184631;1,11375618;98,27798462;0,063904628;0,827302677;133967;3,769298315
03:46,9;544;-;-;gat_cos||gin||gat_generalized_linear||skip||skip||skip||l_concat;84,50184631;1,113713264;97,72447968;0,074268252;0,827984279;133967;3,769298315
03:46,9;545;-;-;gat_cos||gin||gat_generalized_linear||skip||skip||skip||l_concat;84,50184631;1,114104748;98,70848846;0,044920083;0,827302677;133967;3,769298315
03:46,9;546;-;-;gat_cos||gin||gat_generalized_linear||skip||skip||skip||l_concat;84,50184631;1,114943743;98,21648407;0,054977164;0,827302677;133967;3,769298315
03:46,9;547;-;-;gat_cos||gin||gat_generalized_linear||skip||skip||skip||l_concat;84,50184631;1,115704536;97,97048187;0,066386849;0,827302677;133967;3,769298315
03:46,9;548;-;-;gat_cos||gin||gat_generalized_linear||skip||skip||skip||l_concat;84,68634796;1,116243124;98,40098572;0,055302747;0,827302677;133967;3,769298315
03:46,9;549;-;-;gat_cos||gin||gat_generalized_linear||skip||skip||skip||l_concat;84,68634796;1,116924405;98,70848846;0,0528621;0,827302677;133967;3,769298315
03:47,0;550;-;-;gat_cos||gin||gat_generalized_linear||skip||skip||skip||l_concat;84,68634796;1,117710471;97,90898132;0,055213075;0,827302677;133967;3,769298315
03:47,0;551;-;-;gat_cos||gin||gat_generalized_linear||skip||skip||skip||l_concat;84,68634796;1,118394375;98,52398682;0,052302592;0,827302677;133967;3,769298315
03:47,0;552;-;-;gat_cos||gin||gat_generalized_linear||skip||skip||skip||l_concat;84,68634796;1,118704319;98,27798462;0,056791048;0,827302677;133967;3,769298315
03:47,0;553;-;-;gat_cos||gin||gat_generalized_linear||skip||skip||skip||l_concat;84,68634796;1,118801713;98,03198242;0,059953433;0,827302677;133967;3,769298315
03:47,0;554;-;-;gat_cos||gin||gat_generalized_linear||skip||skip||skip||l_concat;84,68634796;1,119160533;98,09348297;0,064017497;0,827302677;133967;3,769298315
03:47,0;555;-;-;gat_cos||gin||gat_generalized_linear||skip||skip||skip||l_concat;84,68634796;1,119661927;98,58548737;0,052026987;0,827302677;133967;3,769298315
03:47,0;556;-;-;gat_cos||gin||gat_generalized_linear||skip||skip||skip||l_concat;84,68634796;1,120173335;98,64698792;0,039881594;0,827302677;133967;3,769298315
03:47,0;557;-;-;gat_cos||gin||gat_generalized_linear||skip||skip||skip||l_concat;84,68634796;1,12079823;98,03198242;0,059554379;0,827302677;133967;3,769298315
03:47,0;558;-;-;gat_cos||gin||gat_generalized_linear||skip||skip||skip||l_concat;84,68634796;1,121251225;98,21648407;0,064634144;0,827302677;133967;3,769298315
03:47,0;559;-;-;gat_cos||gin||gat_generalized_linear||skip||skip||skip||l_concat;84,68634796;1,121880054;98,46248627;0,049470495;0,827302677;133967;3,769298315
03:47,0;560;-;-;gat_cos||gin||gat_generalized_linear||skip||skip||skip||l_concat;84,68634796;1,122371435;98,46248627;0,048467923;0,827302677;133967;3,769298315
03:47,0;561;-;-;gat_cos||gin||gat_generalized_linear||skip||skip||skip||l_concat;84,68634796;1,12280333;98,52398682;0,045175381;0,830254435;133967;3,769298315
03:47,0;562;-;-;gat_cos||gin||gat_generalized_linear||skip||skip||skip||l_concat;84,68634796;1,123066545;98,27798462;0,059496209;0,827302677;133967;3,769298315
03:47,0;563;-;-;gat_cos||gin||gat_generalized_linear||skip||skip||skip||l_concat;84,68634796;1,123172045;98,21648407;0,04854707;0,827302677;133967;3,769298315
03:47,0;564;-;-;gat_cos||gin||gat_generalized_linear||skip||skip||skip||l_concat;84,68634796;1,123255491;98,46248627;0,058357168;0,827302677;133967;3,769298315
03:47,0;565;-;-;gat_cos||gin||gat_generalized_linear||skip||skip||skip||l_concat;84,68634796;1,123247504;97,53997803;0,071018785;0,827302677;133967;3,769298315
03:47,0;566;-;-;gat_cos||gin||gat_generalized_linear||skip||skip||skip||l_concat;84,68634796;1,123198748;98,09348297;0,072024457;0,827302677;133967;3,769298315
03:47,1;567;-;-;gat_cos||gin||gat_generalized_linear||skip||skip||skip||l_concat;84,68634796;1,123226881;98,52398682;0,055640411;0,827302677;133967;3,769298315
03:47,1;568;-;-;gat_cos||gin||gat_generalized_linear||skip||skip||skip||l_concat;84,68634796;1,123318315;98,21648407;0,07248231;0,827302677;133967;3,769298315
03:47,1;569;-;-;gat_cos||gin||gat_generalized_linear||skip||skip||skip||l_concat;84,68634796;1,123385668;98,40098572;0,062818862;0,827302677;133967;3,769298315
03:47,1;570;-;-;gat_cos||gin||gat_generalized_linear||skip||skip||skip||l_concat;84,68634796;1,123402476;97,84748077;0,067215897;0,827302677;133967;3,769298315
03:47,1;571;-;-;gat_cos||gin||gat_generalized_linear||skip||skip||skip||l_concat;84,68634796;1,123328686;97,97048187;0,078040376;0,827302677;133967;3,769298315
03:47,1;572;-;-;gat_cos||gin||gat_generalized_linear||skip||skip||skip||l_concat;84,68634796;1,12327373;97,90898132;0,060400255;0,827302677;133967;3,769298315
03:47,1;573;-;-;gat_cos||gin||gat_generalized_linear||skip||skip||skip||l_concat;84,68634796;1,123209357;98,52398682;0,049426638;0,827302677;133967;3,769298315
03:47,1;574;-;-;gat_cos||gin||gat_generalized_linear||skip||skip||skip||l_concat;84,68634796;1,123202801;98,40098572;0,063318416;0,827302677;133967;3,769298315
03:47,1;575;-;-;gat_cos||gin||gat_generalized_linear||skip||skip||skip||l_concat;84,68634796;1,123225808;98,09348297;0,057558507;0,827302677;133967;3,769298315
03:47,1;576;-;-;gat_cos||gin||gat_generalized_linear||skip||skip||skip||l_concat;84,68634796;1,123250723;98,15498352;0,076644927;0,827302677;133967;3,769298315
03:47,1;577;-;-;gat_cos||gin||gat_generalized_linear||skip||skip||skip||l_concat;84,68634796;1,123211384;98,40098572;0,060434591;0,827302677;133967;3,769298315
03:47,1;578;-;-;gat_cos||gin||gat_generalized_linear||skip||skip||skip||l_concat;84,68634796;1,123170614;98,27798462;0,059751593;0,827302677;133967;3,769298315
03:47,1;579;-;-;gat_cos||gin||gat_generalized_linear||skip||skip||skip||l_concat;84,68634796;1,123142958;98,58548737;0,058101118;0,827302677;133967;3,769298315
03:47,1;580;-;-;gat_cos||gin||gat_generalized_linear||skip||skip||skip||l_concat;84,68634796;1,123073816;98,21648407;0,06178065;0,827302677;133967;3,769298315
03:47,1;581;-;-;gat_cos||gin||gat_generalized_linear||skip||skip||skip||l_concat;84,68634796;1,123032451;98,40098572;0,057328757;0,827302677;133967;3,769298315
03:47,1;582;-;-;gat_cos||gin||gat_generalized_linear||skip||skip||skip||l_concat;84,68634796;1,122981429;98,27798462;0,052587748;0,827302677;133967;3,769298315
03:47,1;583;-;-;gat_cos||gin||gat_generalized_linear||skip||skip||skip||l_concat;84,68634796;1,122950435;98,58548737;0,052001573;0,827302677;133967;3,769298315
03:47,2;584;-;-;gat_cos||gin||gat_generalized_linear||skip||skip||skip||l_concat;84,68634796;1,122899413;98,15498352;0,068741523;0,827302677;133967;3,769298315
03:47,2;585;-;-;gat_cos||gin||gat_generalized_linear||skip||skip||skip||l_concat;84,68634796;1,122860193;97,84748077;0,060700633;0,827302677;133967;3,769298315
03:47,2;586;-;-;gat_cos||gin||gat_generalized_linear||skip||skip||skip||l_concat;84,68634796;1,122861028;98,64698792;0,047149081;0,827302677;133967;3,769298315
03:47,2;587;-;-;gat_cos||gin||gat_generalized_linear||skip||skip||skip||l_concat;84,68634796;1,122840643;98,33948517;0,062169164;0,827302677;133967;3,769298315
03:47,2;588;-;-;gat_cos||gin||gat_generalized_linear||skip||skip||skip||l_concat;84,68634796;1,122823954;98,21648407;0,059283417;0,827302677;133967;3,769298315
03:47,2;589;-;-;gat_cos||gin||gat_generalized_linear||skip||skip||skip||l_concat;84,68634796;1,122801423;98,64698792;0,053207628;0,827302677;133967;3,769298315
03:47,2;590;-;-;gat_cos||gin||gat_generalized_linear||skip||skip||skip||l_concat;84,68634796;1,122775197;97,84748077;0,068333961;0,827302677;133967;3,769298315
03:47,2;591;-;-;gat_cos||gin||gat_generalized_linear||skip||skip||skip||l_concat;84,68634796;1,122757673;98,33948517;0,054634783;0,827302677;133967;3,769298315
03:47,2;592;-;-;gat_cos||gin||gat_generalized_linear||skip||skip||skip||l_concat;84,68634796;1,122742891;98,40098572;0,058358528;0,827302677;133967;3,769298315
03:47,2;593;-;-;gat_cos||gin||gat_generalized_linear||skip||skip||skip||l_concat;84,68634796;1,122735143;98,40098572;0,052982274;0,827302677;133967;3,769298315
03:47,2;594;-;-;gat_cos||gin||gat_generalized_linear||skip||skip||skip||l_concat;84,68634796;1,122728229;98,15498352;0,057925314;0,827302677;133967;3,769298315
03:47,2;595;-;-;gat_cos||gin||gat_generalized_linear||skip||skip||skip||l_concat;84,68634796;1,122724056;98,95449066;0,039336361;0,827302677;133967;3,769298315
03:47,2;596;-;-;gat_cos||gin||gat_generalized_linear||skip||skip||skip||l_concat;84,68634796;1,122721553;98,52398682;0,050072897;0,827302677;133967;3,769298315
03:47,2;597;-;-;gat_cos||gin||gat_generalized_linear||skip||skip||skip||l_concat;84,68634796;1,122719288;98,09348297;0,066065438;0,827302677;133967;3,769298315
03:47,2;598;-;-;gat_cos||gin||gat_generalized_linear||skip||skip||skip||l_concat;84,68634796;1,122719049;98,46248627;0,053310912;0,827302677;133967;3,769298315
03:47,2;599;-;-;gat_cos||gin||gat_generalized_linear||skip||skip||skip||l_concat;84,68634796;1,122719169;98,70848846;0,049583089;0,827302677;133967;3,769298315
